-1.570769661580622811e+00,1.116612799249001808e+00,-5.064651398344475197e-01,1.616340274638064234e-01,2.600245276655694937e-01,-2.164259816278470833e-02,-4.692156513825829767e-01,-5.208782426910164853e-02,1.575520086073389225e-01,3.769052955044431830e-01,-4.732005848982967500e-02,-2.552748999899758786e-01
-1.570769661580622811e+00,1.116612799249001808e+00,-5.064651398344475197e-01,1.616340274638064234e-01,2.600245276655694937e-01,-2.164259816278470833e-02,-4.692156513825829767e-01,-5.208782426910164853e-02,1.575520086073389225e-01,3.769052955044431830e-01,-4.732005848982967500e-02,-2.552748999899758786e-01
-1.570769661580622811e+00,1.116612799249001808e+00,-5.064651398344475197e-01,1.616340274638064234e-01,2.600245276655694937e-01,-2.164259816278470833e-02,-4.692156513825829767e-01,-5.208782426910164853e-02,1.575520086073389225e-01,3.769052955044431830e-01,-4.732005848982967500e-02,-2.552748999899758786e-01
-1.570769661580622811e+00,1.116612799249001808e+00,-5.064651398344475197e-01,1.616340274638064234e-01,2.600245276655694937e-01,-2.164259816278470833e-02,-4.692156513825829767e-01,-5.208782426910164853e-02,1.575520086073389225e-01,3.769052955044431830e-01,-4.732005848982967500e-02,-2.552748999899758786e-01
-1.570769661580622811e+00,1.116612799249001808e+00,-5.064651398344475197e-01,1.616340274638064234e-01,2.600245276655694937e-01,-2.164259816278470833e-02,-4.692156513825829767e-01,-5.208782426910164853e-02,1.575520086073389225e-01,3.769052955044431830e-01,-4.732005848982967500e-02,-2.552748999899758786e-01
-1.570769661580622811e+00,1.116612799249001808e+00,-5.064651398344475197e-01,1.616340274638064234e-01,2.600245276655694937e-01,-2.164259816278470833e-02,-4.692156513825829767e-01,-5.208782426910164853e-02,1.575520086073389225e-01,3.769052955044431830e-01,-4.732005848982967500e-02,-2.552748999899758786e-01
-1.570769661580622811e+00,1.116612799249001808e+00,-5.064651398344475197e-01,1.616340274638064234e-01,2.600245276655694937e-01,-2.164259816278470833e-02,-4.692156513825829767e-01,-5.208782426910164853e-02,1.575520086073389225e-01,3.769052955044431830e-01,-4.732005848982967500e-02,-2.552748999899758786e-01
-1.570769661580622811e+00,1.116612799249001808e+00,-5.064651398344475197e-01,1.616340274638064234e-01,2.600245276655694937e-01,-2.164259816278470833e-02,-4.692156513825829767e-01,-5.208782426910164853e-02,1.575520086073389225e-01,3.769052955044431830e-01,-4.732005848982967500e-02,-2.552748999899758786e-01
-1.127024850637704523e+00,8.271853582920368764e-01,-5.925725595640725096e-01,4.091242287248286758e-01,1.810961881050251188e-01,4.082030266675840124e-01,-5.472994919654989854e-01,3.920601700027694370e-01,1.537824813912544164e-01,7.073280021768473258e-01,1.110830663450598083e-01,2.215508886248171438e-01
-6.813593211226255386e-01,6.850937543281415687e-01,-6.449802878134431872e-01,3.985057034101816553e-01,3.165745977054449378e-01,6.130192941938643614e-01,-2.623563741129586457e-01,5.160306753634780197e-01,6.327172295027394533e-01,1.164223895240652507e+00,5.818953028292255247e-01,9.588589656707096065e-01
-8.844387202756598398e-01,1.406825927710798341e-01,-1.146053464449744430e-01,7.973437478274617574e-01,1.149427661244154075e+00,7.914543166992094037e-01,1.187317691340647574e+00,-1.749737079002020301e-01,1.030391432572302035e+00,1.359346525167873576e+00,8.518245566521712719e-01,7.079007192885815591e-01
-9.199676656254724971e-01,3.290853509687640677e-01,6.354120439314170365e-01,5.108481912368145750e-01,8.836017859733082958e-01,1.532719667918593265e+00,7.481429353883370936e-01,1.464402032326428182e+00,5.165658059546777148e-01,1.247540538918908926e+00,1.083938664375372563e+00,1.505159753799524935e+00
-8.828665861229938461e-01,2.791933526654471337e-02,8.563384138421986647e-01,4.015409480203980808e-01,9.715883141966350500e-01,1.808996892097072262e+00,1.831299665243302233e+00,4.062152512149162509e-01,1.418924419160716655e+00,8.423909832223106520e-01,7.534370237761268685e-01,3.197705851107256692e+00
-9.641613595597149367e-01,2.825199879186848784e-01,6.940563490430817772e-01,4.430816270953399361e-01,1.064750333298623453e+00,1.267940300868288350e+00,1.073378396794914202e+00,2.075113205543973383e+00,1.141746308561203405e+00,1.082755856229629332e+00,1.026219014552500308e+00,1.533468470892379143e+00
-8.982567331632215213e-01,1.783707717058685138e-01,5.969590214756164137e-01,5.479546938804412681e-01,1.108907610586981729e+00,1.355723962014154571e+00,1.013113226587356364e+00,2.592081937903113253e+00,1.372523200440642910e+00,8.691222569169249068e-01,6.433174859902466292e-01,1.208056873200310077e+00
-1.209736114992115974e+00,9.061549429429760494e-01,1.308391752223064586e+00,7.112242401173628492e-01,1.080721287690710186e+00,1.239204091600018875e+00,1.053632816503080161e+00,1.486415215308557025e+00,1.168753790879039745e+00,1.775654073388790888e+00,1.561064967520858771e+00,1.194028899749866257e+00
-7.174774286529422840e-01,-8.677384210787288457e-03,5.891356718528893976e-01,5.664118138679411496e-01,1.127532335651031614e+00,7.902712142166816722e-01,5.172392785073965937e-01,1.443662585881942739e+00,9.750961860463622788e-01,2.352932343359977807e+00,4.757793889404192678e-01,5.124121356004749384e-01
-7.067161267734606289e-01,-2.223830642337498442e-01,7.756137401723960378e-01,8.193696683463029817e-01,1.214829894658347342e+00,3.564637430361479731e-01,4.223651741466656895e-01,1.490876551026025787e+00,1.571441443709150843e+00,1.445418386150451040e+00,6.848046493327788475e-01,1.506199779360289259e+00
-7.360817289294828702e-01,-3.092059464143536163e-01,9.659343591242537386e-01,7.381331516178720742e-01,1.134469347763416458e+00,1.002330298463152580e+00,6.788500509423774920e-01,1.469306532090489226e+00,8.403799557066500281e-01,1.343228736262687351e+00,1.760071975748435102e+00,1.466902965820530591e+00
-7.177284080363451890e-01,-2.330358968129036534e-01,4.696721315685145615e-01,5.898168264013655682e-01,1.208007448756901914e+00,1.450891884783309438e+00,1.061943508739318087e+00,1.389961332551694628e+00,6.651135691356349078e-01,1.769312354230729856e+00,1.738938768215643860e+00,1.283800460475984728e+00
-6.718643904737366945e-01,-1.286669060059109915e-01,4.630590134849416617e-01,7.918077191823008620e-01,1.119998826817466320e+00,1.186079990514365301e+00,5.615689506224953442e-01,1.228851470626360243e+00,1.239501869582118054e+00,1.569926988907395238e+00,7.476930115467559368e-01,3.876604509359248829e-01
-6.296119371058941372e-01,-1.757613590279118732e-01,9.778081766115074291e-01,7.736996500658718245e-01,6.144708397128428867e-01,9.755441013464728472e-01,1.024085311227729694e-01,9.473163970819902246e-01,1.536693425366307153e+00,1.543125310996960931e+00,1.209603916274286650e+00,8.107106074004110097e-01
-7.435342940250629917e-01,-3.953384878451312590e-01,1.192767328226614021e+00,8.782474913351140389e-01,1.009985145688495622e+00,9.170199880118692359e-01,7.684218516266753118e-01,1.209366014104961584e+00,1.102490301517159432e+00,1.275025366212570344e+00,1.441469203983475111e+00,1.685848952549711344e+00
-6.318640795480624517e-01,-2.358404454298904385e-01,1.086072012703692691e+00,5.052669653432734220e-01,5.447093027372660323e-01,8.958375144003709600e-01,3.508199907560822783e-01,8.594388980688419943e-01,6.708779176371836295e-01,1.021013023655054530e+00,1.314606158122756829e+00,1.357337708888882721e+00
-6.370099800251185496e-01,-2.147686716818973940e-01,1.162300336752128072e+00,4.768496798667054559e-01,7.319744731491563128e-01,8.765339209611050508e-01,7.494778274894877690e-01,6.956051414240895792e-01,1.455196265748041895e-01,1.640425309924498976e+00,1.814690702732426830e+00,9.694241990802254794e-01
-6.441272975267807732e-01,-2.001376671163243304e-01,7.217835411588580108e-01,6.293809556797385074e-01,7.885938908160863292e-01,7.152158017314633742e-01,1.023332298966244336e+00,8.292258122742759419e-01,8.784473513700247205e-01,1.610854810152039240e+00,8.646691555988647027e-01,1.042609489889294583e+00
-5.765699346892415589e-01,-2.258668089115508093e-01,5.031556225599429499e-01,3.457621327610739259e-01,3.508006642918628515e-01,5.285714654454867212e-01,1.002040027232240726e+00,1.345215818985822320e+00,7.290958346805954671e-01,1.707503418457604560e+00,9.464508850010846519e-01,9.174044625474617742e-01
-5.068488356705525000e-01,-2.379881920009616902e-01,2.943039014869539005e-01,5.519032587701571124e-01,7.046015357504614718e-01,5.218968599387544538e-01,2.741556929198163406e-01,5.879636112637249834e-01,1.147751696786885933e+00,1.487956104646649180e+00,1.013010423686192985e+00,1.154281431227090593e+00
-4.995832865237203602e-01,-3.782181632176767061e-01,5.810943064114953288e-02,7.124178956525469841e-01,7.046857373582148254e-01,4.749348021313337109e-01,1.643108090156013557e-01,5.007471856995008297e-01,1.350852236473343515e+00,1.157521613400983140e+00,5.707421264473160338e-01,2.796261633807152758e-01
-4.737624423146841179e-01,-2.001160106081152634e-01,-5.914182698468923444e-02,1.252881820354912745e-01,7.113689109476782901e-01,2.586956855417685830e-01,3.208966382653534177e-01,8.310275111153582195e-01,2.376159049253259714e-01,5.509025306919677067e-01,-3.365800791740578557e-01,6.246998476015414026e-01
-4.327747052530744321e-01,-2.844122139371293989e-02,8.403103975410457227e-02,4.107833461391532381e-01,5.362892159221711585e-01,4.137649622167163255e-01,-4.972098865132287826e-02,8.566113083645900961e-01,4.724091335624209242e-01,8.403642257055592424e-01,-3.202297326130165156e-01,6.050790766315438107e-01
-4.829932654678420478e-01,-2.464913488555434407e-01,6.859579582767354536e-03,4.151128815002805283e-01,5.364245640080166355e-01,7.518773298538822258e-01,4.846482126499141591e-02,4.715101421489766298e-01,5.910595511959169102e-01,7.860789964000368668e-01,7.274141500614109690e-01,6.068974983888553165e-01
-5.669000627640898848e-01,-2.906327641601995637e-01,-1.588395017122470540e-02,3.838479351570949771e-01,9.683601666998863378e-01,1.299227411380661668e+00,2.828851887439938206e-01,5.342867494159547759e-01,-2.644646604201899773e-02,8.778494445898751830e-02,-2.433688351977407460e-02,1.624565229894286977e+00
-5.388492958120975063e-01,-1.947429038879840146e-01,3.285777109546845764e-01,3.150516614222635958e-01,6.513066306285089091e-01,9.734990645010650478e-01,4.391229727463777377e-01,5.885867864411713501e-01,7.461272288541684894e-01,4.957870174169135558e-01,3.613019983141973479e-01,4.800473943581379799e-01
-5.500296575295779977e-01,1.796835694792492085e-03,5.672874567080662400e-01,-1.081466164596129043e-01,6.353151100696734499e-01,4.510067041944278432e-01,-3.863850586615762313e-03,6.231469307210417696e-01,6.910836633028879517e-01,3.433461135822120647e-01,-3.088328823631537601e-01,-1.133603675557605245e-01
-6.499758710658528615e-01,-2.571619792555376871e-02,6.878555781509441136e-01,-2.541964343499799051e-01,8.048361607160817721e-01,3.132725391290716588e-01,3.433484927639501305e-01,7.081906367988833884e-01,3.528637447635412649e-01,1.010960066147490677e+00,1.185022671887143719e+00,8.281036941732974332e-01
-6.444793773410742999e-01,-5.008223508192665915e-03,5.248541873659415824e-01,-1.937676286488361765e-01,8.363242297354921417e-01,2.778156756117831083e-01,7.834897678059751236e-01,8.097291474279949552e-01,2.672304125632696814e-01,6.345348565474386859e-01,8.591226761943991930e-01,1.000617202876146417e+00
-6.575596124036705570e-01,-1.086306642931450378e-01,6.044754690107516648e-01,-7.101982816437478474e-02,6.780382710599742735e-01,6.099393741628624799e-01,6.862357231473409369e-01,3.276190843304085387e-01,6.495195834102340804e-01,7.380683733415616121e-01,-3.911803142102189823e-01,2.164517108312583593e-01
-7.140096050740623035e-01,1.049470859507999898e-01,3.855896029801495484e-01,-1.146929798152577784e-01,7.570086550537249437e-01,6.821274131789125672e-01,4.135965136387292906e-01,-2.511569178644349615e-02,4.327198358122513744e-01,8.121771569731736085e-01,8.796175897221766293e-01,1.195122841987191903e-01
-6.490023183778979021e-01,-2.741608492570724032e-02,3.565460515058187924e-02,1.958783371009472918e-01,1.011845657929160591e+00,4.001378756548495258e-02,-3.614474484853911207e-01,8.859123538673334686e-01,9.666788905895234985e-01,1.444926955649244338e+00,1.238222783597314525e+00,1.660085485343348322e-01
-6.162282482095626790e-01,-4.430900493075354274e-02,-4.543102592945209017e-01,1.593679418234821010e-01,7.796529532726443890e-01,-4.923771114356296358e-02,-4.790507946122388727e-01,1.079205233516970397e+00,1.386742855462451018e+00,1.741258534172732020e+00,-3.402524798777409876e-01,5.431161203901966328e-01
-6.600909775502786792e-01,-1.279737896659685625e-01,-8.122764526352238557e-01,2.662596171725061245e-01,1.100145581122812022e+00,-1.099754672985579385e+00,-1.180545443116635340e+00,1.846821188453935836e+00,3.309608173567603617e-01,5.581818290317285269e-01,-3.744249699873320458e-01,1.131224294648273121e-01
-6.631974145486859706e-01,-3.824827336010618861e-01,-8.284459557147478836e-01,3.332970031541480083e-01,1.210065479305023395e+00,-4.123900218744731561e-01,-9.312820216437869281e-01,1.744295117629914627e+00,-4.326248607604984420e-01,2.803418005807300495e-01,1.129489789565787161e+00,4.856624684958773530e-01
-7.128141350636979512e-01,1.506581873369083058e-01,2.554332111172317177e-01,2.833923930115861411e-01,1.242387390606644049e+00,5.240953440701704436e-01,2.262460613840312218e-01,1.505027496752933569e+00,5.819073727964656495e-01,2.150972137594198696e-01,-5.534691359658245879e-01,5.573470227724225401e-01
-7.149763997750229194e-01,2.896486844109726413e-02,-3.654739269518603867e-02,8.610218786622701737e-02,1.272190043396544734e+00,9.763987584523940721e-02,5.942418835171136005e-01,1.116745602040710272e+00,2.947399054350399172e-01,4.814039029909981671e-01,5.606293524120105065e-01,6.605991119290850755e-02
-6.444929241456999192e-01,2.142438011592875391e-01,8.378659688222219737e-01,5.521027473431096011e-01,1.456843301202392027e+00,5.967487144253336151e-01,9.043179304024622223e-01,9.974489815689243644e-01,4.530671779483500528e-01,4.007619499282707998e-01,-1.654056140349683401e-01,1.598820832279875259e-01
-6.661865799131853061e-01,2.873250434479158177e-01,5.928234843232995654e-01,3.280687228541143141e-01,1.034212064533805320e+00,2.953576225787426512e-01,-3.839755434802823997e-01,-6.155094359011163002e-02,8.222551640203858980e-01,8.095622773579581599e-01,3.880097864516014461e-01,3.034207585314044886e-01
-6.320723658751591367e-01,5.911626747669627285e-02,1.894156721166745105e-01,3.046414605176480661e-01,8.077754458796811976e-01,1.499457488485168577e-01,-1.278413204494313060e-01,-3.449304530794803925e-01,4.682874614122841672e-01,3.961820986291730295e-01,2.494598071845176568e-01,7.758144999811984466e-01
-6.113253001937966058e-01,1.581956541406202010e-01,3.230872100732193331e-01,3.736628507072028982e-01,5.635961167521443826e-01,-2.675990742458025928e-01,5.658945994597651685e-01,2.660758570653468658e-01,6.335941883912838968e-01,7.508095042439784095e-01,1.035408290489502198e-01,7.210978938793110027e-01
-5.568128800022076330e-01,1.107590515211224896e-01,4.068589144124754031e-01,8.189265183947270765e-01,7.449763044304718029e-01,-1.962297512729382631e-01,1.899619299947724882e-01,5.590160197519299379e-01,9.058556954045798859e-01,5.773584253936057120e-01,5.671166904508045947e-02,-5.289679479536809614e-01
-5.218605705315252363e-01,1.585763157116989452e-01,-4.158571874566412974e-01,3.620051024549594265e-01,5.732833626150619644e-01,-6.956480418246584474e-01,-5.224694102635668580e-01,3.071885205047784617e-01,-2.909408255816143263e-01,4.836130169096876652e-01,5.192023328572372698e-01,6.688008990709418677e-01
-4.754131528342515622e-01,3.307956035635687964e-01,2.247486938369105403e-01,6.374580425457159194e-01,7.698460425377585681e-01,-4.561786938029439575e-01,-2.470635006795934285e-01,2.743912891876106874e-01,6.228875808435824224e-01,4.077459214041364022e-01,7.347011124357181178e-01,1.383592956924375894e+00
-6.154090472268598511e-01,1.919883633846577731e-01,-9.361377574661580714e-02,5.497063730856616148e-01,1.039849028211102810e+00,4.993473881561738548e-01,-4.125104945920654576e-01,1.758557464450756502e-01,1.179897570188345179e-01,-6.156966966838062216e-01,-8.691640792338932442e-02,8.894860236174387258e-02
-6.561965126243628488e-01,-4.635442160305211501e-02,-2.835435292990700074e-01,-7.527019303817279738e-02,3.933144875135821672e-01,6.065974249782958572e-02,-1.753393039920623508e-01,-2.379247098118301706e-01,5.656199248263138468e-02,3.874167875814025774e-01,2.012326977566692432e-01,9.547482402126483692e-02
-6.471838829998346476e-01,8.587071219073963424e-02,-4.859394693098000317e-01,-6.707388888220643108e-02,6.060780729179022774e-01,-5.492808549211795066e-01,-1.185736771727853744e+00,-4.601947953126133140e-01,5.113022087746138533e-01,-7.208862971494817140e-02,-4.421587515315479888e-01,-2.427352828551331276e-01
-5.763979223926692930e-01,2.994899789207759455e-01,-3.645166499934362481e-01,2.277898133782090273e-01,7.821615336766972737e-01,5.866528199523634024e-01,-1.922320872615621290e-01,1.184241358561701318e+00,8.970046593650871092e-01,-8.458499903379677887e-02,-3.886584321901750960e-01,-1.496437780032656428e-01
-6.583528184330271760e-01,1.234892602467838607e-01,-3.221459331359536327e-01,-2.455444781816939759e-01,3.449770262236513951e-01,5.015345105615299781e-01,5.683316215060576493e-01,-2.013033733372070477e-01,6.066403039484793425e-01,2.946774592489042055e-01,-3.620500894790307927e-02,1.543477993953341065e-01
-6.319277572203045867e-01,2.218458308192264028e-01,-3.513640183162811126e-01,-3.210926342399379046e-02,1.811547962748942531e-01,3.244682346059193923e-02,-1.257076263992860654e-01,-5.804358024464031374e-01,-1.660351150268430387e-01,-1.699249883874963396e-01,-1.309491921772637513e-01,-2.743018898194109489e-01
-6.291015377035927836e-01,5.654603281296073647e-02,-1.398830183176381914e-01,-3.163688189730067823e-01,5.687500859318225244e-01,8.538867398530474162e-01,9.698530508592981825e-01,2.412148902158363917e-01,1.437031906027712025e-01,-6.098484431953791196e-01,5.597567886976727303e-02,2.924718162202333827e-01
-6.221483067831070635e-01,2.865126482972228938e-01,1.745926836585257602e-01,-9.249930287361778081e-02,9.460318368747641093e-01,5.895663643696749112e-01,5.201890908202820851e-01,1.452476512371342898e-01,1.176164956361097358e-01,7.142514724455444330e-01,1.458019860598802342e-01,-4.971844254794648976e-01
-6.796567776999450361e-01,4.422565025351791329e-02,-1.351522201504342935e-01,3.073681988312327099e-02,9.109266559308966116e-01,1.768209236687323105e-01,-1.694243375398541140e-01,-1.867994380343246386e-01,3.885981278077137446e-01,4.388588327983097281e-01,3.814118676589068890e-01,-9.674392610415058491e-02
-6.966757569510878545e-01,1.754085931065322013e-01,1.454359429656179037e-01,6.506907273165316030e-02,8.688087856354813621e-01,4.425693633997133669e-01,-1.653295571507407691e-01,2.768412595115485320e-01,3.573036379738767088e-01,6.097769738150286001e-01,9.388797467973938327e-01,4.400351979282487447e-01
-6.341010754643734426e-01,2.809046474524967141e-01,1.790911103293078011e-01,1.950360454777225541e-02,6.691715153513941861e-01,1.167876847428144377e-01,-8.946562778401594140e-02,2.724463987869715775e-01,1.230533648764889076e-01,3.754803464168088301e-02,3.981891482418760120e-01,8.292065553472844908e-01
-6.766820354449915031e-01,1.200491498243659999e-01,5.680822855848851292e-03,-1.797399496940748145e-02,4.316505959660502101e-01,-1.262056818590929497e-01,7.045212462344691007e-02,-6.060524654909650311e-01,2.734845060096879332e-01,3.412073141392895637e-01,6.296631452316331368e-01,3.327858287864648434e-01
-6.607518740948613578e-01,1.238260072610694595e-01,-3.243713309060020089e-01,3.071311194188211177e-02,3.309937756937151310e-01,1.115534823044061624e-01,-3.026290004762941521e-01,-1.613956388180061985e-01,3.494158576941797656e-01,4.298018325336829260e-01,2.327393244730211752e-01,4.823277575278198670e-01
-6.699299323938313622e-01,1.123724951549927298e-01,2.741695824321876973e-01,-5.521790654965386125e-02,4.955847840869713750e-01,-3.327792546235748272e-01,-8.945210909490407536e-01,-7.072302738475523265e-01,-2.355634579699623088e-01,4.152847720272972443e-01,-6.423862316312699272e-02,1.731340151244639691e-01
-6.474381703981685332e-01,2.021428717183327839e-01,3.284320633359233965e-01,-7.928962066801309438e-02,7.228584867284776339e-01,2.739966190945000157e-01,-3.796503875591029642e-01,-5.733175662101813730e-01,-7.073105802063664460e-02,6.287465828562260883e-01,-3.196608113296321441e-01,-1.848964789298312983e-01
-6.547778104037851321e-01,3.524073280075246811e-02,-4.175271380194108262e-01,-6.648167742879871334e-01,2.443195729208132161e-01,-5.128858643558795727e-01,-6.963335097800390505e-01,2.487430777909716353e-02,5.859017298688666830e-01,2.350910345285939784e-01,4.597412436036776295e-01,-4.850468681879137600e-01
-6.308659038569063293e-01,1.206439024000760113e-01,-9.155549707758611766e-02,-5.715083669177436487e-01,1.891768547740396988e-01,-5.385351301558595205e-01,-3.975825645802221753e-01,-8.438251909835163544e-02,1.725179629490763422e-01,3.759656971000726045e-01,-4.831516650174333960e-01,-6.082685693384016767e-01
-6.456801820155179117e-01,8.248813805355371953e-02,-3.749944033719426195e-01,-1.958625751210287536e-01,5.614203957390823119e-01,1.702163249927790833e-01,-1.810888786968960773e-01,-2.140346253291478332e-02,7.206971316480557943e-02,2.386788767531622119e-04,-8.816400681536229467e-01,-1.549003313060802522e+00
-6.452894952946535145e-01,9.269648185875881130e-02,1.427747213561307293e-01,-3.222930967254938883e-01,8.735945837784490076e-01,1.078327083779710011e-01,-4.160180640710123279e-01,3.096267244519297357e-01,1.908426838167090744e-01,-2.058826028620051318e-01,-8.174677422665639348e-01,-4.351937157660165090e-01
-6.078743056811978240e-01,2.236017687569672729e-01,5.098550077573543726e-01,6.123145399794324706e-02,5.768198999033868901e-01,-1.227589824481409020e-01,-3.662925438567209979e-01,-2.752249369273947477e-01,-1.761377889315186157e-02,-3.275683773467562565e-01,-8.379508018593370133e-01,-2.575302379669678343e-01
-6.484384822486558564e-01,2.742846415307605423e-01,1.978845384122882023e-01,-1.543276826504659804e-01,7.507936165524236038e-01,1.076475697829906014e-01,-5.456838364031513233e-02,-3.244879491738616450e-01,-1.479410678599916429e-01,-2.638654926394570777e-01,-1.347335019676255463e+00,-1.177678055399610901e+00
-6.581360287303708034e-01,1.655040817243846052e-01,-3.769906732623993229e-01,-1.177047151660402247e-01,2.130092452784026202e-01,-4.827420281047533068e-01,-3.837868938246620232e-01,-7.504821603703319965e-01,2.615661462750107358e-01,3.531936546540456190e-01,4.907009947860134502e-02,-5.612321476191096670e-01
-6.546196717706436186e-01,1.406108477414667879e-01,1.092056420362839120e-01,-5.943565400587002417e-02,3.404547904028913385e-01,2.876710603683582113e-01,-4.961877357308238090e-01,-2.072030274651772697e-01,-9.605836304734470532e-02,-2.201497523076021978e-01,-6.151575827347873782e-01,4.584331792540655148e-01
-6.534009358763996911e-01,-6.587900438295015565e-03,-4.767260150985968559e-01,-1.002090718140785652e-01,7.023947836305920456e-01,1.157113077794662825e-01,-1.610937716898399319e-01,-2.208238044235162623e-01,3.398660285334475506e-01,-1.268863375050304776e-01,-4.280524424545373297e-01,-8.001689698047971255e-01
-6.288733847136193100e-01,1.411484442049983634e-01,3.174142287784552652e-01,-9.501418003579900629e-02,6.799570211211167781e-01,-5.262818104487711895e-02,-2.839256074618884962e-01,5.050878939887298857e-01,8.498674224991564774e-01,7.787549223211315264e-01,-5.001649604421621875e-01,-6.484338818006346594e-01
-5.972878470448040877e-01,1.568554399820995537e-01,2.521045324520278519e-01,-5.271802215296989003e-02,6.820273632418367704e-01,3.922284398826521579e-01,4.268737740877916187e-02,-1.857324113457247544e-02,3.415086190310051562e-02,1.164595517624737175e-01,-1.756156172014937955e-01,-4.634105152986640885e-02
-6.679753379271472502e-01,-6.553679440576828941e-02,-1.198917115210706763e+00,-5.409247157006448203e-01,4.590574606617688902e-01,2.182660307031524805e-01,2.520918052002924514e-01,5.020502624306806272e-01,-2.746085320993370549e-01,3.007941890896921877e-01,5.344695349613876045e-01,6.877943135586627177e-01
-6.252114572513143287e-01,1.738805668444038388e-01,-7.256522537042767729e-01,-7.015762931039729589e-01,3.230049197662991367e-01,6.327189500672936173e-01,2.746324330714483009e-01,2.532280869487729125e-01,2.488420898258752734e-01,1.023498479939158323e-01,-5.158998792408562295e-01,4.213625118004134529e-01
-6.347096623606118815e-01,2.048060467705137000e-01,-5.709753979086950038e-01,-4.005338505828909823e-01,7.937505587254997108e-01,6.487665415202119590e-01,7.782427708307405601e-01,1.949023226052180591e-01,-6.079494574718993238e-01,-1.715258040852171428e-01,1.208228280416765582e-01,7.240864117203514860e-01
-6.449262416126527730e-01,7.564108403357959476e-02,-2.846294388555454802e-01,-6.283556620728256714e-01,6.262044466638702067e-01,6.881536332210336226e-02,7.240347771558186540e-02,-1.658784665067396802e-01,6.322638618114928555e-02,3.706029658086916201e-01,2.705097579942651875e-01,9.702024373842940141e-01
-6.497020516861148343e-01,2.808153299373151723e-01,3.390669261233015264e-01,-2.594729621734859770e-01,4.741427502597203580e-01,3.775045341079426298e-02,1.795771581330745936e-01,-5.715196428318372601e-02,2.353244006686869005e-01,9.762229330313880737e-01,-5.761360992730237829e-01,-1.903514302524620116e-01
-6.540928414393862855e-01,1.416283714888027234e-01,9.812197334300912233e-02,-3.906879846222148234e-01,7.694966093629999060e-01,8.495187809077622831e-02,-1.449761396796746260e-01,-4.039044770926621952e-01,-4.151500597310120999e-01,2.654943848837836851e-01,6.651929748412638288e-01,-4.452564354892193932e-01
-6.695465278638589313e-01,1.299470058945800810e-01,2.072038461311341284e-01,-2.883468956094853430e-01,3.477119892961283432e-01,-2.899181045010626456e-01,-4.363509641918755233e-01,3.428523426655418760e-01,-4.186393383605654939e-02,4.056080150308773342e-03,-2.709856002921924856e-01,-3.263435583065266155e-01
-6.758762158440437817e-01,1.992987717583803442e-01,-5.785836742134992279e-03,-1.753039350752348680e-01,2.525164813832203037e-01,-2.821632135043620759e-01,-2.657958855446617141e-01,1.830746147963799031e-01,-2.865288001454903768e-02,6.402036612705174212e-01,1.894555915944317603e-01,-1.981209907476646215e-01
-7.119828847964320140e-01,6.483503128516759917e-02,3.494498565111050503e-01,9.620840264599306302e-02,4.342003137826824233e-01,-9.956758642009354288e-02,-4.951328289765037638e-02,-7.420836922506686157e-04,1.788220861317744298e-02,8.842363028594887320e-01,-7.551229434264648778e-04,9.717409494816269255e-01
-6.860471683720730240e-01,2.991721512029664465e-03,4.438972028935243321e-03,-1.036606473740118856e-01,5.743233963301023204e-01,5.093212343225343025e-02,-3.836468881589910063e-01,1.890969135354978736e-01,9.551226279350859549e-01,8.419010414969076983e-01,1.764211331784105163e-01,-7.512595746879280334e-01
-6.709434948435377688e-01,1.726616567409694838e-02,-3.118458655011620007e-01,-4.047517998970899256e-01,1.197089163490725888e-01,-3.181606620287616982e-01,3.151127471874445862e-01,4.461914890702828873e-01,9.372505107992924467e-01,1.006947388027123469e-01,-3.406378957129031076e-02,-7.050385613467458068e-01
-1.953180130110900858e-01,1.556075578477409405e-01,-5.706192893853472281e-01,4.889101521039319193e-02,4.007762531898904634e-01,-2.582748895948980272e-01,-2.002595881706310810e-01,-3.749246795967926538e-01,5.001171534650556555e-02,3.124993598891027125e-01,6.716186433380960663e-02,2.031009585674812268e-01
6.145150842159590177e-01,-1.484606436287079889e+00,-1.880504535618751527e+00,-7.611175519786971266e-01,8.624376527955874838e-01,-2.880310364256505329e-01,-1.305744728842350266e+00,4.080354906730563891e-01,7.384206850701243718e-01,-1.336844975716337536e-01,8.277540760980708345e-01,-1.107839029157059590e-01
5.999693198324472787e-01,-1.834134231416311600e+00,-5.758294938944842345e-01,-6.822721700133812517e-01,3.000053903544005474e-01,4.574725901382922788e-01,-9.242978545796376455e-01,6.453793954763514806e-02,1.553030725374631438e-01,-1.865980801253326882e-01,6.777605285478781327e-02,6.862873355529230945e-01
8.792902274878707791e-01,-3.013969767273041889e+00,1.027012753272449563e+00,8.244995625512215875e-01,-6.568740704835912547e-01,3.763054528773617236e-01,-4.937169570706083643e-01,3.555783565850946515e-02,-5.013821398221260939e-01,-3.025474602559586335e-01,-3.147460668464184819e-01,1.303940366455841549e+00
1.252388448439486712e+00,-2.928132714287338345e+00,1.501238692769885974e+00,7.054337501441262370e-01,-7.805032403434033483e-01,3.464888783538136452e-01,-8.918106759190821409e-01,6.650160538646289199e-01,-7.799996609765198763e-02,-4.137371291875595047e-01,7.728940092486414892e-01,9.663267961583364984e-01
1.463732300069283232e+00,-2.844653745330352645e+00,9.121031607797691620e-01,7.415094073783944362e-01,-1.330039916770476172e+00,2.970881044111488567e-01,-1.238260930402201421e+00,-1.508460240202702252e-01,3.636221320514381183e-01,2.439728656574685628e-01,8.642014544293048495e-01,1.068066736252469617e+00
1.622517945076619617e+00,-3.140729263833018425e+00,9.968433483047189902e-02,6.021142217166219890e-01,-1.189359747462336747e+00,4.830959308088666471e-01,-1.134393680067677046e+00,-5.537213420458405588e-01,3.862786831634937856e-01,2.129430363456568109e-01,1.444173089837762491e+00,7.283934162286626046e-01
1.666252989598130396e+00,-3.103835423521384751e+00,-4.932371220818476121e-01,3.340080341734461555e-01,-1.509497001320589060e+00,5.168084984339708227e-02,-1.365636728392622956e-01,3.983925432945842338e-01,-2.736359597518388531e-01,-1.344861230275865016e-01,5.071334198360561984e-01,1.337874475421793496e+00
1.695312564592716287e+00,-3.016408189527396644e+00,-4.293786316260285174e-01,1.622328716175661378e-01,-1.847442066562984708e+00,-8.825503336302278345e-01,-5.386106409051866217e-01,1.238401052578601141e-01,-4.317756905889478247e-01,-9.031674611051946355e-01,-1.733122898226817279e-03,1.988714916219562756e+00
1.795142577878827250e+00,-2.732976652840992671e+00,-4.036602734135970594e-01,8.372598040540405462e-01,-1.742086004359991502e+00,-4.470635116518265062e-01,-1.058269803924870356e+00,1.629439537078673783e-01,6.494408593030758237e-01,-4.069299691485035453e-01,1.132703886055584475e+00,1.080323098619802913e+00
1.689985733321980987e+00,-2.894272924332019326e+00,-9.676902546964392116e-01,1.188710466646093700e+00,-1.674472750235079133e+00,-6.704062898416316418e-01,-5.994609669895376580e-01,6.290005713721361635e-01,9.848712390192890798e-01,-9.002569097541450738e-01,-4.075780888707731808e-01,5.656783056523617681e-01
1.662779981699469944e+00,-2.775663993583767475e+00,-6.608918591939068055e-01,8.374933008449534366e-01,-1.899200379145564499e+00,-1.118457765918805968e+00,-8.862420301584400528e-01,6.789261659957027684e-01,1.096444172618076474e+00,-4.139324421857244474e-01,-2.321503696726426313e-01,-4.663365278370123351e-02
1.600430007808520738e+00,-2.640579105037872854e+00,-1.101914456468563036e-01,9.168784085150049057e-01,-1.573777808966766889e+00,-1.064199285641821424e+00,-9.675684997344641269e-01,7.948285618485372295e-01,1.760841150134372646e-01,-3.218469607443047997e-01,1.054506059317682931e+00,7.927528744375595959e-01
1.540056449384216375e+00,-2.759712618612711665e+00,-1.023321660144717926e+00,1.129998820747986299e+00,-1.410719199015690428e+00,-1.085482219453568931e+00,-9.352171350124021121e-01,4.745789357697891564e-01,7.474061983747215532e-01,2.594706196328907533e-01,-7.181623413190454386e-01,3.507773346008935533e-01
1.440787084685318131e+00,-2.479451075673318350e+00,-4.298741520042319020e-01,1.483480171958879934e+00,-1.857934932965860320e+00,-2.119360674075998041e+00,-1.729350628569485959e+00,-1.771262045893406412e-01,7.450094660230401900e-01,3.082269384209061491e-01,1.820273312626976281e-01,8.293908180345024306e-01
1.319189846553145529e+00,-2.317726019377454261e+00,-6.728679968048906224e-02,1.428757647289743637e+00,-1.610431509685923190e+00,-2.051634897388941781e+00,-1.906535421442129286e+00,4.001168758124862279e-01,7.400267819438361983e-01,4.025897929411516585e-01,1.213427304868152756e+00,1.572140341500144700e+00
1.307395060895810923e+00,-1.705426175233246022e+00,1.958180691169643994e+00,2.051770801301656455e+00,-1.294036362885080393e+00,-1.052611310563147384e+00,-1.439937701853553742e+00,-5.127899667454677290e-01,3.345493412100489228e-01,-2.847805976907314962e-01,-2.037616441476412521e-01,-2.238458371613484266e-01
1.411980368510461492e+00,-7.229396665309891779e-01,3.233108297043283397e+00,2.527515628363719014e+00,-1.184108806293159066e+00,-1.264462750566009763e+00,-1.899892312194572774e+00,-1.983555045622963808e+00,-8.927492931292925205e-01,-9.040323855275609333e-01,-1.000893393553233812e+00,-1.076579794390696287e+00
1.443261645793753489e+00,-2.102630435853069246e-01,3.369943620479203705e+00,2.489173537722511487e+00,-1.382452558474012161e+00,-2.096835629243682497e+00,-1.695749085633977415e+00,-2.109563550826534239e+00,-2.071172232586025341e+00,-1.823123598217850194e+00,-1.536082707660676006e+00,-1.141799201748543435e+00
1.435387672661806890e+00,-1.543569311074601269e-01,2.583166374543595989e+00,2.162711110630987754e+00,-9.403526262992566442e-01,-2.422629680145698128e+00,-1.280302136357320153e+00,-1.516791256182167702e+00,-3.238612415192267058e+00,-2.490265470521964453e+00,-2.368613290369101065e+00,-1.796281543722488827e+00
1.432246790819946547e+00,-4.837981569046893165e-02,1.729037938135002950e+00,2.226219649963681935e+00,-7.547467239513291348e-01,-2.218013144807248871e+00,-7.353114571712580094e-01,-2.263661235579899955e+00,-3.389624325214439793e+00,-1.936561630243765597e+00,-3.091330915410410718e+00,-1.654130106127154942e+00
1.375099708172004886e+00,1.478903466237822262e-01,1.678262912413499786e+00,2.187175838594539456e+00,-6.554528163886118586e-01,-2.316968939720336351e+00,-5.146327552482593548e-01,-2.560351317348483757e+00,-3.079421003905649545e+00,-1.956580319119703759e+00,-2.775986570552025245e+00,-1.601306243760117320e+00
1.357885730808280345e+00,9.001387520835948952e-02,2.766158378301412313e+00,2.176105851363103749e+00,-1.100545307921389382e+00,-2.098386410414192937e+00,-8.656786018628992441e-01,-1.688917522306917274e+00,-2.494023939975250403e+00,-2.053825268341983090e+00,-2.071513771342368582e+00,-1.950240805509598108e+00
1.368651710418937073e+00,9.250102557427748728e-02,2.759533972951776715e+00,2.175627502039393146e+00,-8.166922372658484974e-01,-2.634279073551933248e+00,-8.857018779775147621e-01,-8.984352864590126053e-01,-3.058121298337428406e+00,-1.065085180264941256e+00,-2.045472456339995748e+00,-1.147107795446568490e+00
1.423442922987649073e+00,-8.389154123405068164e-02,2.838290961012889912e+00,2.345717219716641821e+00,-1.202251316256172542e+00,-2.404805383927260731e+00,-8.402128293878461385e-01,-1.172865739869989099e+00,-2.827519847963708255e+00,-1.179498174291502499e+00,-1.805188427548777064e+00,-1.243145922578728690e+00
1.449185526482750674e+00,2.477262705193034389e-02,1.421517751262433960e+00,2.210469902929955932e+00,-8.382758274415818001e-01,-2.545362251230785411e+00,-1.778920897844897819e+00,-1.449885961534660206e+00,-2.727953642386045985e+00,-1.392537067301912623e+00,-1.371623849366837788e+00,-2.103655346074408516e+00
1.525849280317216339e+00,1.584272664186655022e-01,2.473390444343934735e-01,1.753536615487365280e+00,-5.020959864313535581e-01,-3.043205502243291338e+00,-2.153788096426404675e+00,-1.329138987075041412e+00,-2.375299014291589295e+00,-2.296211257081303359e+00,-1.650876587803320472e+00,-1.093933171745035571e+00
1.550636297871307079e+00,2.092299374374114729e-01,-2.282659449550882846e-01,1.156777662509465898e+00,-2.263517665563256551e-02,-2.918421027538840029e+00,-3.009412110071396196e+00,-1.642148603181499134e+00,-2.760692893929760139e+00,-2.688274413426622989e+00,-2.218357694402937064e+00,-2.686178233494417089e+00
1.748080602268667016e+00,1.973313829475049908e-01,-1.179238531464789741e+00,9.829383608182992171e-01,6.168946923465420396e-01,-3.445364916563383506e+00,-3.008263066546506437e+00,-2.078588356255628877e+00,-2.613184575335629756e+00,-2.490303879242421026e+00,-2.508435659254699690e+00,-2.069225259343364876e+00
1.794071014484731164e+00,4.224186561723693445e-01,-1.803738350924510847e+00,3.841170543299059492e-01,5.331900204145096911e-01,-3.049603403630289034e+00,-2.547700586550196711e+00,-2.086695370865785826e+00,-1.805306377599609213e+00,-1.985081194853124842e+00,-2.504972105517204728e+00,-2.554726940733571539e+00
1.659720247348746902e+00,4.004858199047644507e-01,-1.074535826012223305e+00,1.487688339690875772e-01,1.497339187622536427e-01,-2.165063202960991529e+00,-1.350327854178965170e+00,-1.271047988991655053e+00,6.347277633846906686e-02,-7.455276388569841428e-01,-2.547407430931023509e+00,-3.394713399258439068e+00
1.414623513145705669e+00,7.633252715919573994e-01,3.066110272805428472e-01,-2.186658646538898743e-01,2.680899635714673601e-01,-1.625050593947438005e+00,-2.252307502215675772e+00,-2.662021672278231499e+00,9.010295898196022391e-01,1.922376341609275952e-01,-6.575734426834077828e-01,-2.650437893838847092e+00
1.408913794481876147e+00,5.134706143628009478e-01,-6.859454963437225938e-01,-5.402325922916760836e-01,3.273683188836231106e-01,-1.061361364396097295e+00,-1.116555207434743124e+00,-2.561545252102154446e+00,1.083438974286384804e+00,7.725851708612850866e-01,-8.308366243349293301e-01,-1.167955827220087617e+00
1.417188788895191731e+00,6.838853097913364376e-01,3.925468222774752131e-02,-7.920964168699528019e-01,-3.216482678169998305e-02,-3.656368532528825321e-01,-1.316242891251316049e-01,-2.485708016603568549e+00,6.843561657125077913e-01,5.401880557243902981e-02,-1.083957244836844858e+00,-8.794578808408602955e-01
1.458661929876035046e+00,5.722856474249941039e-01,-1.650509180129800524e-01,-1.001490080618437251e+00,-6.216828359226563849e-01,6.619141217873886207e-01,1.612461514324532219e+00,-1.834944470861402888e+00,-3.990457965976560994e-01,-5.689881760834039071e-01,-1.334758389945179369e+00,-5.495212061660943448e-01
1.364392467362773198e+00,4.471547824383796943e-01,2.417935291596360822e-02,-6.200400879674613508e-01,-4.408218563982155280e-02,1.056741156492992273e+00,1.103826100035754543e+00,-2.379597863248473111e+00,-7.752656446091019671e-01,-4.662322207675819730e-01,-3.440645425378112687e-01,4.205884099536209009e-01
1.310432587920433267e+00,2.320811936822136934e-01,4.985344232465550168e-02,-8.556826577933467348e-01,-3.673561031475996441e-01,1.496974525133688338e+00,1.184559895045978584e+00,-1.463253006916829690e+00,-4.853517046121988421e-01,-9.218339057776441248e-01,-1.143488286954111172e-01,1.476120748463449761e+00
1.227244961649282873e+00,6.867476497269725533e-01,1.748175800436827243e-01,-9.340242125866253797e-01,-6.100383974742290549e-01,1.382172189893982273e+00,1.247342142911415763e+00,-1.857977362857565984e+00,-5.044716217072510167e-01,-6.921346455206133230e-01,1.242744142218519393e-01,-2.891488671438918190e-01
1.250081640385863890e+00,1.294999538734898481e+00,1.057433204577898911e+00,-1.788540361662882772e+00,-1.553223529534657033e+00,1.408118498441252475e+00,1.362578444335474037e+00,-1.248854017280830453e+00,9.462185541702301805e-02,-1.071009906207240014e+00,-4.296833215140393736e-01,-4.321173479005217116e-02
1.558940804796616009e+00,1.262335046738945588e+00,-5.592552597690700900e-01,-2.236720885767247147e+00,-1.330704698022492583e+00,4.779403043255722183e-01,1.805675442591204494e+00,-1.496076829565645250e+00,1.576367947266900382e-02,-1.652938842013987220e+00,1.012418968059439983e+00,-9.657742201570731488e-01
1.682375432610983879e+00,1.193843247290087506e+00,-1.381887184984540440e+00,-1.888731064001744064e+00,-1.648610764085952862e+00,5.829113008435209409e-01,1.521759236360003653e+00,-8.797490391297282386e-01,-2.245998438895256410e-01,-1.761043792557672294e+00,1.116470395794588288e+00,-2.366364827248578773e-01
1.728298716121484890e+00,1.174537377577184571e+00,-1.998453166461610753e+00,-1.709164339784678077e+00,-2.130144862437569397e+00,9.145869405504678529e-01,1.435348237978212760e+00,-4.473007227986067758e-01,-3.023161614396202013e-01,-1.694908906279800842e+00,1.198398732060540928e+00,-5.128935862581962546e-01
1.632288382580865838e+00,1.238496189068200470e+00,-1.353316414685460156e+00,-2.011519482016812521e+00,-2.063799088566828921e+00,6.290807771135329407e-01,2.037499787251833894e+00,-7.330306415260029462e-01,3.028342656987226267e-01,-1.410759862551555832e+00,1.128085884857665810e+00,-6.102409805788687747e-01
1.563757410545332238e+00,1.253734251931515997e+00,-1.267441984587311055e+00,-2.079989385659649859e+00,-2.128897481256144975e+00,5.791022591436256750e-01,2.275513701277806167e+00,3.466414983913150560e-02,-1.386196938105802301e-01,-9.567166249093208563e-01,8.526212263580150719e-01,-5.267448562862694361e-01
1.460718130869086417e+00,1.268652536391756902e+00,-1.651127235794112025e+00,-2.216254663254879187e+00,-2.115547951547581018e+00,4.620749439354885496e-02,1.997451956747603008e+00,-4.369684470917207381e-02,-3.780292623355422377e-01,-9.748530010109617283e-01,6.359021965055815517e-01,-1.482234396955030287e-01
1.394920049570324228e+00,1.386350718693413642e+00,-1.551227995699637541e+00,-2.183401582315741773e+00,-2.353058204018895871e+00,-1.995819677489908683e-01,1.549407986066638765e+00,-5.705561643869491162e-01,-3.783636737772536618e-01,-1.609678498882662456e+00,1.054823190741940975e+00,-5.369445202487642677e-01
1.372616585743568374e+00,1.456995740390421012e+00,-1.590183783201132295e+00,-1.832549533281585319e+00,-2.541358777002408864e+00,4.308915054404788281e-01,1.348856109024825667e+00,2.611467166725194300e-01,1.046678480857745480e-01,-1.898273581397939669e+00,6.570552195132027817e-01,-1.114574658093947734e+00
1.241097118331202731e+00,1.660473999509557874e+00,-1.181614353054597277e+00,-1.463324567914761065e+00,-2.257184412028735210e+00,8.378225790918254479e-01,1.207022401880638585e+00,2.976365999193908429e-01,-7.280951176689894888e-01,-1.976264608312273019e+00,3.585113193418098532e-01,-9.075840616361191548e-02
1.028087456659938947e+00,1.541581061296344091e+00,3.144001825199879696e-01,-1.861228787451897571e+00,-2.373981010702041150e+00,7.431603993845290468e-01,1.631287943479730496e+00,6.211828249767603616e-01,6.658359658215147192e-01,-1.678832275301374022e+00,2.562572998989038342e-01,-3.510004151601830436e-01
8.094225498300555710e-01,1.456167026832143829e+00,1.337812109858069531e+00,-2.088256058094343448e+00,-1.829813143813622256e+00,8.868529603142347728e-01,1.659217114818182237e+00,7.337312118571484021e-01,1.779789580019464912e-01,-6.484159098218906792e-01,3.350002951390516071e-01,-5.875271721217021348e-01
6.252600870986607662e-01,1.598475165175907708e+00,6.655301594689260192e-01,-1.733274084632614676e+00,-2.090771430224844352e+00,1.226709813354082135e+00,2.177786788959807041e+00,1.089568723779398285e+00,5.085530661981996214e-01,-1.059341263948579970e+00,-4.187899144257275497e-01,9.872197973096365209e-02
4.179931095417150355e-01,1.407853415015638099e+00,5.610185689852399404e-01,-1.666064709449925907e+00,-2.217279339975545938e+00,3.901722445172227105e-01,1.680012323417709563e+00,1.044519089656279043e+00,-3.830124830776549527e-01,-1.571959065555285084e+00,-1.089424167149773748e+00,-1.040594453291544763e+00
1.637350137045597842e-01,1.112137723436625647e+00,-1.391736350591878391e-01,-1.707065047078932807e+00,-1.413125763783512845e+00,1.041214794681654565e+00,1.888790971432132926e+00,1.503116845829503889e+00,3.031184830537471120e-01,-1.608107537028769185e+00,-1.561475206269387517e+00,-6.655307558936550683e-01
2.526140750662513035e-02,9.295638246488476808e-01,4.963609218950667534e-01,-1.433699523366436690e+00,-1.115393036456802323e+00,9.176837520578137175e-01,1.912671596912489225e+00,1.016184779419284867e+00,-1.821339063510646894e-01,-1.599090263186417227e+00,-9.858735157090242618e-01,1.409941745076525699e+00
-9.739203866663954934e-02,7.531681468088867737e-01,-5.011469159087389436e-01,-1.671051788995130405e+00,-1.045706286819150233e+00,5.511351785447162442e-03,7.407332406928226476e-01,9.249053933631552482e-01,2.082501154937405896e-01,-4.826048239627913072e-01,-1.526785195336646694e+00,3.809320506372262938e-01
-1.591116555995425175e-01,4.845387999127998557e-01,-5.070834311753260604e-01,-1.742846036378078667e+00,-1.085784560239569707e+00,2.675387256082309984e-01,9.337978897072820583e-01,3.926092862219543456e-01,-3.035052698120263015e-01,-1.319612740911929039e-01,2.653792741951876977e-01,1.747461112891749435e+00
-2.342212587905445342e-01,3.967675826639234238e-01,-5.401506287756784319e-01,-1.399197635963252306e+00,-4.342679113514603673e-01,4.483887064744968565e-01,9.485856322626562420e-01,8.288254586172725258e-01,5.428467340248914752e-01,-4.796627391020532594e-01,-1.163228723164149603e+00,-4.714828662651721070e-01
-2.242760258430282760e-01,2.818367213264134086e-01,-3.192625305640832689e-01,-1.088439867371940206e+00,-2.540578625972911286e-01,8.510580466521825427e-01,6.548003079618900379e-01,1.446658196691305021e-01,-2.966532348087950743e-01,-7.040887739544992030e-01,-1.681728385721259711e+00,-6.413316048547181847e-01
-1.918259092880594541e-01,3.965660251600615638e-01,-7.973807709948621536e-02,-7.939354762309679403e-01,-2.420454283769610943e-03,5.360460527528021490e-01,8.228121262983167927e-01,1.017111743491390108e+00,-4.406979708706712517e-02,-6.724965840525682914e-01,-5.320847625557978411e-01,4.294599470211562381e-02
-2.467151364247709144e-01,1.553957476903289614e-01,2.408285148400890197e-01,-9.139794719335073703e-01,-5.295964742774607048e-01,-1.388753732824893061e-01,2.386218494259526868e-01,4.077222747555072635e-01,-1.082809301868683294e+00,-7.137899805311651580e-01,1.888000958895942050e-01,-5.173299437724084848e-01
-1.842156286869308934e-01,7.264979878090198351e-02,-6.893154296665664482e-01,-9.964072579495930615e-01,-3.710820364895081047e-01,-2.410356930655739860e-01,2.275840859455107168e-01,5.808118487607736302e-01,-8.960536236358986883e-01,-7.312755015998513297e-01,-7.327496843204364119e-01,-3.206271532955553560e-01
1.937614447375045623e-01,-3.970514686208126420e-03,-2.766737359811882069e+00,-1.246602821226132640e+00,-2.593816491442176853e-01,1.887716167309796966e-01,1.728151776516571869e-01,-9.313171290284263382e-01,-2.351419233654179930e+00,1.987996252703647659e-01,2.636939922040754780e+00,-4.349466296166977219e-01
4.120101242300395206e-01,-8.860366769982498669e-02,-3.964224181035983730e+00,-1.113160232272333072e+00,1.315227869089995727e-01,3.835633220581882719e-01,1.137756538205717816e-01,-1.696798706210646435e+00,-2.723990636619537664e+00,-3.045618242100357476e-01,2.733823224367137872e+00,-9.817059971499687565e-01
-9.507538375404571418e-02,2.543820724756682972e-01,-2.135116688831792064e+00,-5.562333220464470429e-01,1.524446955057272013e-01,6.341277606464588816e-03,-1.948698080745754069e-01,-6.616236073658953165e-01,-1.032283952989238474e+00,-2.771772503214156025e-01,4.041588822213346699e-01,-1.318413994031746306e+00
-3.066541015725990915e-01,9.077262604371555410e-02,-2.998206742674123237e-01,-6.657949555755782178e-01,1.687250169635254315e-01,2.599664716422231958e-01,-1.713977453170222320e-01,-5.430644535694304498e-01,-8.829219326538281232e-01,-2.751324530325062745e-01,1.161740932527354775e-01,-9.510864759399870749e-01
-3.767224553319168390e-01,-9.160498100299745150e-02,-5.212414421099420547e-01,-3.536789775586922091e-01,2.658680338747444472e-01,2.538022265286297707e-01,5.643124918811945334e-02,4.917060085992021046e-01,-5.641867264990124697e-01,-1.451321482477456980e-02,7.208649436621833440e-01,-1.268516322275970332e+00
-3.966891146859169437e-01,-2.934110614568057052e-02,-2.472236938141816609e-01,-3.704267224715789286e-01,4.447013573122996499e-01,2.304759995460792521e-01,1.639740184587856753e-02,-3.785316435940575541e-01,-2.232362120188617349e-01,-4.474227899368710126e-01,-1.094129680310813146e+00,-5.260423690562606724e-01
-4.007551361198095075e-01,-6.239192797170433138e-03,-4.177329877479478148e-01,-4.313450531276974420e-01,3.906712710506612396e-01,2.028006050089124768e-01,-1.537514233084617266e-01,-5.545946759649699187e-01,-1.460955067483554748e+00,-6.317200618251915534e-02,6.077695338111214207e-01,6.315007999548073458e-01
-3.968937754697161036e-01,-2.022625954411197968e-01,-1.669501294214144338e-01,-1.427759503440188815e-01,7.577441802276583260e-01,2.497802867221948775e-01,-2.948023092853897520e-01,-1.174835989673685299e+00,-8.064929539902154776e-01,6.003539360285487653e-02,-1.782605119790568182e-01,-1.443303790329490743e+00
-4.534119175354543452e-01,-9.897317370905030220e-02,-7.106570425300611227e-01,-7.459664820864067014e-01,2.584673804985743867e-02,-2.810191002159190266e-01,-3.742339678412056059e-01,-9.257258464755228067e-01,-5.348054169242877354e-02,1.093623557794596302e+00,6.109911732050260502e-02,1.890857709855816096e-02
-4.687304152473321106e-01,-3.856520793071369080e-01,-1.051292606537567398e+00,-5.643002865022795911e-01,2.169761055596239885e-01,3.677618896383775260e-01,-4.809264326814784440e-01,-2.418435340210896012e-01,-3.369202074696678872e-01,8.655570378747420301e-01,-2.886489646347908944e-01,-9.831260306028671847e-01
-4.523158090176104817e-01,-3.189676639097539512e-01,-7.307849769915556459e-01,-4.916375562868335325e-01,5.294905167922419054e-01,4.443116697409817129e-02,-2.085671465264047897e-01,1.264796086771861339e-01,2.209079403397208041e-01,9.406537770526971487e-01,-6.661967546415142882e-01,-7.394118044496864606e-01
