-2.763102111592854158e+02,-1.578581957443207130e-14,1.974674581230137391e-14,-2.385919931447701853e-14,3.229403156682003740e-14,1.537233592847003186e-14,3.836157044002832621e-15,3.200032638163943965e-14,2.738610717961130705e-14,-8.171241461241152138e-14,5.057520860198014375e-15,2.842170943040400743e-14
-2.763102111592854158e+02,-1.578581957443207130e-14,1.974674581230137391e-14,-2.385919931447701853e-14,3.229403156682003740e-14,1.537233592847003186e-14,3.836157044002832621e-15,3.200032638163943965e-14,2.738610717961130705e-14,-8.171241461241152138e-14,5.057520860198014375e-15,2.842170943040400743e-14
-2.763102111592854158e+02,-1.578581957443207130e-14,1.974674581230137391e-14,-2.385919931447701853e-14,3.229403156682003740e-14,1.537233592847003186e-14,3.836157044002832621e-15,3.200032638163943965e-14,2.738610717961130705e-14,-8.171241461241152138e-14,5.057520860198014375e-15,2.842170943040400743e-14
-2.763102111592854158e+02,-1.578581957443207130e-14,1.974674581230137391e-14,-2.385919931447701853e-14,3.229403156682003740e-14,1.537233592847003186e-14,3.836157044002832621e-15,3.200032638163943965e-14,2.738610717961130705e-14,-8.171241461241152138e-14,5.057520860198014375e-15,2.842170943040400743e-14
-2.763102111592854158e+02,-1.578581957443207130e-14,1.974674581230137391e-14,-2.385919931447701853e-14,3.229403156682003740e-14,1.537233592847003186e-14,3.836157044002832621e-15,3.200032638163943965e-14,2.738610717961130705e-14,-8.171241461241152138e-14,5.057520860198014375e-15,2.842170943040400743e-14
-2.763102111592854158e+02,-1.578581957443207130e-14,1.974674581230137391e-14,-2.385919931447701853e-14,3.229403156682003740e-14,1.537233592847003186e-14,3.836157044002832621e-15,3.200032638163943965e-14,2.738610717961130705e-14,-8.171241461241152138e-14,5.057520860198014375e-15,2.842170943040400743e-14
-2.763102111592854158e+02,-1.578581957443207130e-14,1.974674581230137391e-14,-2.385919931447701853e-14,3.229403156682003740e-14,1.537233592847003186e-14,3.836157044002832621e-15,3.200032638163943965e-14,2.738610717961130705e-14,-8.171241461241152138e-14,5.057520860198014375e-15,2.842170943040400743e-14
-2.763102111592854158e+02,-1.578581957443207130e-14,1.974674581230137391e-14,-2.385919931447701853e-14,3.229403156682003740e-14,1.537233592847003186e-14,3.836157044002832621e-15,3.200032638163943965e-14,2.738610717961130705e-14,-8.171241461241152138e-14,5.057520860198014375e-15,2.842170943040400743e-14
-2.673496661704335793e+02,-8.182411349738215323e-02,-2.174769218319788089e-01,7.488529553362214264e-01,-7.288964881909740789e-01,8.833162569095986960e-01,-3.104340958153393726e-01,3.421773456072285113e-01,-4.999902980567773325e-02,1.572995795082832160e-01,-1.704058217765314076e-03,3.487493254971241186e-02
-2.458183098759618872e+02,-4.327788346097615424e+00,1.570443212222846885e+00,-5.677319218498131370e-01,7.176377508103157776e-01,9.473503225790566029e-01,2.833644056002279643e-01,-2.496136993830570805e-01,2.696041654839325119e-01,6.440460505649525658e-01,1.484192774701980078e-01,-1.161636083759418625e-01
-2.345594036428699951e+02,-1.344444057947101712e+01,-2.323192468649986964e+00,-8.339001799871992304e-01,2.122366462458406655e+00,2.338650765298780243e+00,1.078458625627416456e+00,-1.116648003985885262e+00,6.820149463653857325e-02,1.234402144373785148e+00,7.269066239870820567e-01,-3.147573384265029972e-01
-2.250894290137987070e+02,-1.420343816235718926e+01,-5.460521987525216225e+00,-2.267400350014206811e+00,1.597026652242571787e+00,3.437691641209853710e+00,4.690639885203665704e-01,-1.760459266104113407e+00,-9.524802745708726981e-01,1.638808034292747351e+00,9.792195028929588929e-01,-7.836410523549091067e-01
-2.236726468261700518e+02,-1.525062316776961246e+01,-5.547006619549895490e+00,-1.869229459378660918e+00,1.996268149405161507e+00,2.827747329768108830e+00,-6.034092505609052193e-01,-1.066424283458178968e+00,-1.090208234158409617e+00,6.344909560855924724e-01,4.135854572297006371e-01,-6.344407525237727441e-02
-2.259081526999060827e+02,-1.533909856456184428e+01,-3.780838210341062933e+00,-2.390279486142391274e+00,2.610355415083946085e+00,1.767620116030813593e+00,-1.694231324486962231e+00,-2.215418391182215174e+00,-1.147240140108955586e+00,1.558872445195863321e+00,4.567217353309196426e-01,9.834860006883587857e-01
-2.307181346306093985e+02,-1.581652046105165788e+01,-3.277230113375869003e+00,-1.479528930650138241e+00,2.400598335248790960e+00,1.522042434285244772e+00,-5.271037381181739034e-01,-8.543162349482349427e-01,-1.450365941310329809e+00,1.810752894214349595e+00,1.064466419189647794e+00,1.267004538852063433e-01
-2.323745915314638921e+02,-1.491848432233136279e+01,-2.044489728551235341e+00,-1.068115202956640142e-01,1.943503182266304474e+00,1.372050524792477688e+00,1.014388453892426517e-01,-6.413025716482346761e-01,-1.622429909756004651e+00,-5.830524041268461133e-01,7.082693488131388548e-01,1.862819457004860624e-01
-2.401712897644536042e+02,-1.524005301004930679e+01,3.992143498163214232e-01,-6.068732063225845685e-01,3.819807303809019672e-01,1.144735987738957794e+00,7.834710908003219565e-01,-5.786878570221736240e-01,-4.681608044619807174e-01,-4.973824432221114478e-01,7.955952942975601516e-01,-7.463227529710394492e-01
-2.318229507206931714e+02,-1.373492594415153079e+01,-7.631198845404438824e-01,-8.598410967063310206e-01,1.241546004611021381e+00,4.561886632327860069e-01,1.299963912277147804e-01,-5.639977084491804016e-01,-7.076874785974491822e-01,-8.757708485383481900e-01,9.888967344589021380e-01,-4.547920691761078160e-01
-2.441499049024182568e+02,-1.307846397025883078e+01,-8.114032324866298218e-01,-9.882312231992956830e-01,7.930861893719378664e-01,-2.049923202336845496e-01,5.133678682291699102e-01,-1.460971463814340621e-01,-3.097468019432016995e-01,-2.498734873725005912e-01,-3.960972149802710618e-02,-2.598107368692268437e-01
-2.345413050736667913e+02,-1.572970087287352570e+01,-6.082974766040980530e-01,-1.425498268472053631e+00,-5.149172319365884487e-01,-8.532458384120967798e-01,4.142533727776900321e-01,-2.302549485347262781e-01,4.692662129013420724e-01,-2.642031632887338333e-01,1.265516789399212527e-01,-5.474620590955936450e-01
-2.355954760763481204e+02,-1.290789342165922093e+01,1.466623502377543131e+00,-1.755114429859883529e+00,-7.229692149936070567e-02,-6.343552490708862512e-01,-8.214523162189257821e-02,-1.081498677260854663e-01,-1.001771879526223152e-01,-8.611054100461892347e-01,7.460173090859836265e-01,-1.713185129274563678e-02
-2.340501339976425754e+02,-1.592552779776065464e+01,5.955905640656804501e-01,8.050970026942160240e-01,6.855892759509852885e-01,2.608997441899461589e-01,2.018382261824147594e+00,-3.039096184255000721e-01,-1.118243441207935618e+00,-1.416602338400210215e-01,1.004435098847281438e+00,9.444673954445050867e-01
-2.293840891989219699e+02,-1.645593799742865926e+01,-8.815830560121239445e-01,1.133948149419497842e+00,4.556464005264496131e-01,-8.470852781827800659e-02,5.447159765668357911e-01,6.350844682849979828e-01,-1.406523620090813997e+00,-8.607476950284720374e-01,8.444310157643508674e-01,7.549475440882247312e-03
-2.268212877202049640e+02,-1.347620725985860979e+01,4.110335321038430800e-01,8.955626332738702011e-01,-6.390161528606799202e-01,8.354634935476537572e-02,7.122788351255626704e-01,-3.188414831675797645e-01,2.908245479498123842e-01,-4.501338355289412618e-01,5.266800708408503340e-02,-3.615306341356614439e-01
-2.248338433566370895e+02,-1.307317663877708824e+01,-3.962314797553956325e-01,-1.436206627285811166e+00,-1.735234312688423541e+00,5.748752541904805780e-01,1.421524884748194495e+00,2.468305478301887346e-01,7.247913212249943449e-01,-1.571295126213136939e-01,2.800397099602554007e-01,1.951404598592887396e-02
-2.247896103046709300e+02,-1.362413262244406731e+01,-3.734857246774575534e-01,-1.888490582172188015e+00,-1.479317106596466758e+00,-5.530496971944789397e-01,1.009550656354588849e+00,-2.123212070466822532e-01,-6.716266169021798405e-01,-4.988710499783479690e-01,-2.817791242624840820e-01,-3.083772641827380312e-01
-2.223197352046023809e+02,-1.332631712775347488e+01,-3.285765433648631384e-01,-7.669461523794062208e-01,4.232368184529111121e-01,2.053163631549762558e-01,1.260315137581259792e+00,8.357144517896448743e-01,-9.767708460574513474e-01,-1.436291576497392697e+00,-8.358773215348893615e-01,-5.526364873882272377e-01
-2.236193294018348752e+02,-1.379139643081454736e+01,-1.766317679895346826e+00,-2.438810634521411558e+00,-1.024110096563696004e+00,-8.240851939125704018e-01,3.780126885299215506e-02,5.316501927161527696e-01,-5.305419748116682044e-01,-8.485280220298143661e-01,3.561938677382885388e-01,9.831794185784161755e-01
-2.236909006857603686e+02,-1.423924587159221389e+01,2.995143708592413676e-02,-4.426850148664882578e-01,-2.310679665640531066e+00,-1.297200653973830553e+00,1.772686705304395094e+00,2.218761500484402530e-02,-2.279419816160568324e-01,-1.645546833330101322e+00,-1.694518564936755567e-01,9.846548299866810794e-01
-2.244276903046366272e+02,-1.433214704375193804e+01,5.927719725253810523e-01,-4.197882793921453026e-01,-9.590772593139909596e-02,-4.105073004382109314e-01,4.094714173083069397e-01,-4.904007128524490722e-01,3.750372122776592931e-01,1.979236494525231649e-01,-3.818126763700924187e-02,-7.176883169353232006e-02
-2.153916664696911880e+02,-1.168249798641318193e+01,-6.055589022436091984e-01,-7.355330787017398952e-01,-2.719979115498528111e-01,-4.293840664313906125e-02,-1.482657588262384252e+00,6.534321053297252879e-01,1.032281917921571868e+00,3.547290001684508809e-01,-3.378254746662872066e-01,4.757843348015882157e-01
-2.092111561783616480e+02,-1.302557335765299484e+01,-3.658809316330775552e+00,3.366709589177548922e-01,1.064632609426197529e+00,-7.642478921632532562e-02,4.644633290385985491e-02,-8.999346192270616385e-01,-6.830683232777505776e-01,1.393890247397912674e+00,4.600654404586661528e-01,7.330072738393482723e-01
-2.028313892592764773e+02,-1.198281268225603569e+01,-4.816095860913123694e+00,-1.161351579657158517e+00,1.442751463522988109e+00,1.557610977385011530e+00,-2.275105490829095745e-01,-1.033974467210206249e+00,-1.052592495930648742e+00,1.134301901891291209e+00,7.108858692733779350e-01,3.043012563410201210e-01
-2.055992460054001469e+02,-1.364650322182029640e+01,-4.422745262553201329e+00,-2.424276191312215722e+00,1.698407146827216607e+00,1.579309032502356214e+00,1.158828152507471509e+00,-6.056260011377659902e-01,-5.550140671730381392e-01,-1.288807379820156029e-02,9.307811981318208083e-01,-6.817408569699523468e-01
-2.081097431895555303e+02,-1.355723427792158731e+01,-5.224815947913779901e+00,-1.342888667041172379e+00,1.943960245861868108e+00,1.933017983076150692e+00,4.430088287512917167e-01,5.215400344011621447e-01,-9.168291327654691791e-01,1.044369778518586145e+00,6.229998534432530377e-01,-5.217651494586448280e-01
-2.092393772431545358e+02,-1.221603876769676411e+01,3.168512924734075975e-01,9.584244485391308910e-01,9.026811580929409162e-01,5.536605146683515333e-01,1.814990489151275810e-01,-8.475411216988368857e-01,-8.572993724851851738e-01,2.054525287864308325e-01,1.001627728039391485e+00,6.521991138530438548e-01
-2.097126847644590839e+02,-1.250695595291677265e+01,-2.197548551169446807e+00,-1.151763977915207793e+00,2.457959111605551250e+00,1.384933448674504186e+00,9.082978400283038267e-01,4.305440881507182627e-01,-5.557979741682936847e-01,-1.311532327479945081e-01,6.017224484167744691e-01,8.741004788214183918e-01
-2.099720114364219796e+02,-1.392531217627144358e+01,-1.317928363125342228e+00,-7.057741939091690675e-01,1.620362192873428420e+00,3.220955273596989299e-01,-4.474741680580890391e-01,-1.657830745006215745e+00,-7.295077031195740247e-01,2.492370952988700594e-01,8.533326847281372807e-01,3.320646943157896658e-01
-2.076194445315058488e+02,-1.336281373846462905e+01,-1.610587367787774449e+00,-8.022687907441236055e-01,1.585105517183597046e-01,9.867306564147301229e-01,-5.315623186009191814e-01,-2.405960531892515630e-01,-2.475959564033001215e-01,8.514120142473302622e-01,1.202362367960997602e+00,6.518213013604565731e-01
-2.022335473548751850e+02,-1.386259194180156840e+01,-2.328249435607331108e+00,-1.215897344618713127e+00,-1.228561292133225347e-01,1.306337292584939691e+00,8.589527937675299762e-01,-8.099266726123754978e-01,3.517999764072943236e-02,9.441346498735221360e-01,2.819113456087229963e-01,-4.167439181975609586e-01
-2.019025829587939711e+02,-1.478526748458761553e+01,-1.898425171580878201e+00,1.397711103578729019e-02,-2.976365007304406229e-01,-6.812006574950070226e-01,-4.573054104622709670e-01,-1.256368240878489084e+00,5.634253410495837500e-04,5.309543985556182122e-01,5.717923624172422947e-01,3.620356481890141254e-01
-2.021323401207034465e+02,-1.492024535327714574e+01,-3.416367368516133873e-01,1.168427608351317870e+00,-1.965113458208286035e-01,-1.354153875484086500e+00,-9.362393314877723860e-01,-1.177316475271279694e+00,-4.824101879765940737e-02,-3.632559634470489129e-01,2.124495310120630975e-01,3.984916959653332924e-01
-2.039785317712901929e+02,-1.403542568580285455e+01,9.916216803349331421e-02,-6.560331795096403518e-01,-5.081868540709598703e-01,1.016290413342583465e-01,1.733937680347818755e-01,-8.141630276966346225e-01,-1.113916906316658739e-01,-4.839879271724427667e-01,1.141423514027062325e-01,-3.360528528326511832e-01
-2.024243412575933405e+02,-1.370614822734616567e+01,-6.559612511590821038e-01,-3.369623634949570623e-01,-9.438627869482136834e-01,-8.869058515616369265e-01,-7.136874892511572144e-01,-4.246249408653615109e-01,-2.538796824431353016e-01,-5.931012931481447481e-01,2.681969639630121804e-01,5.769347796500312597e-01
-2.050460752331165395e+02,-1.301505710258634529e+01,-5.156632770881619532e-01,7.834991237460261493e-01,-1.419136260596770560e-01,-1.363233915836717047e+00,-6.451856787806303783e-01,-5.680135285021720160e-02,-1.073121705332272136e+00,-1.213975694076324885e+00,8.799899730005744658e-02,1.140812233201558001e+00
-2.084547866234541971e+02,-1.296907487743314924e+01,-6.505100250749258350e-01,4.713569576536641992e-01,-2.129791191098663605e-01,-4.309888848013280760e-01,9.458642114544419943e-01,1.742030612447696747e+00,-8.183128089630222757e-01,-8.724856779656597894e-01,6.761986348641801925e-02,7.981257076294951958e-01
-2.057842307184980370e+02,-1.258129267659244022e+01,-3.793430629112898855e-01,-9.450958132256696009e-01,-1.596861430253908809e+00,-1.495009638247598804e+00,-1.153129991271493626e+00,-5.801048855275622307e-01,2.190542875773493492e-01,1.933220495856247112e-02,8.537777827751860116e-01,3.836107061672748841e-01
-2.084872868205374914e+02,-1.133362784752281982e+01,3.329294411865646452e-01,9.111537535336020621e-01,-1.839588135707536931e-01,-2.258149474929704859e+00,-1.244163814995618900e+00,-7.742638678304686328e-02,1.338118889000647904e-01,1.119508276741981945e+00,6.041080880667530906e-01,5.292851758448620103e-01
-2.140954776171419098e+02,-1.113522626887691658e+01,-9.512194225174898099e-01,3.412245498331574201e-01,5.345785248195952244e-01,-4.796032928577002585e-01,2.647144582574376126e-01,5.784077334053517455e-02,1.200192096648427409e+00,-1.405809151742047902e-01,-8.168762893731464914e-01,-1.148345076292116573e+00
-2.174196842213712557e+02,-1.084104027577654961e+01,-1.587353389686069427e+00,-7.865977580898370070e-01,-4.235475533638455858e-01,8.074549604323352781e-02,4.568405676847009378e-01,-3.341118738663224619e-01,9.915289607681034845e-01,1.140643642674906033e+00,-1.622226187231436967e-01,-5.501405727085852959e-01
-2.125808185934598100e+02,-1.011876435696297349e+01,-8.751132381864090704e-01,-2.025775095793199920e+00,-1.580070433908655758e+00,-2.442953680305639974e+00,-1.242123630236836140e+00,2.426410877305995306e-01,7.930107909233101715e-01,5.642567166809158152e-01,4.835598640350959876e-01,-1.034527499137340101e+00
-2.171574065449174213e+02,-1.194383484059320644e+01,-5.716933836014196357e-01,2.007182670637195354e-01,1.986875951907754345e+00,1.225836925681824896e+00,-2.252986156539383833e-01,1.400218250623002092e+00,1.107259764988939299e+00,2.172343256640552056e-01,4.928479887844900986e-01,-6.369241284947975146e-01
-2.182441415676661620e+02,-1.120736748480496381e+01,-1.030330937747182540e+00,7.996417884566775491e-01,-1.023137661120039787e+00,-9.904275178991412965e-01,-3.731962194334876859e-01,5.427566190942453295e-01,-4.184795711448976441e-01,-8.174673774877874166e-01,-2.406941467209815499e-01,3.171464117034901165e-01
-2.163392686176073028e+02,-9.391737654625980980e+00,1.658788635045358728e-01,3.095044759180153093e+00,1.151809605989227298e-01,6.298482379180678770e-01,-2.170965675321705479e+00,-1.951388346609076896e+00,2.402033615011958112e-01,1.083620097458350529e+00,1.230417785674148057e+00,6.531697786483903201e-01
-2.101158181839500116e+02,-1.000990039141390753e+01,-5.084460119545780366e+00,4.176644008449119372e-02,1.145784686892052262e+00,3.026538912000309445e+00,3.370693074761925700e-01,-3.222936154082994165e+00,5.986593387588019510e-01,1.826714764282250769e+00,9.871160992874803419e-01,2.280941226122052967e-01
-2.096453462787458193e+02,-8.030097971932727674e+00,-4.431170239640508157e+00,-7.308232354019654486e-02,3.007653205987909306e+00,3.266219532119696289e+00,1.689427871487843236e+00,-4.475005614578211888e-01,4.495889120953884266e-01,2.953548822603483615e+00,9.289754062222028708e-01,-6.933808134981092053e-01
-2.115762802408279413e+02,-9.958915842283104780e+00,-4.387147259701224655e+00,-1.073286154803458237e+00,2.613362641731099334e+00,5.343150184100775135e+00,2.145146497639237371e+00,-2.444512020614678871e+00,-3.678937227500740370e-01,2.237838532030963279e+00,7.344971114718776839e-01,-1.002733316428461308e+00
-2.178254322767994040e+02,-9.126655581640706671e+00,-9.786474848597329634e-01,2.008911949621608795e+00,3.504786240377888440e+00,1.825214329305687722e+00,2.034898169724474570e+00,-5.940091821428959973e-01,5.787367379565286907e-01,2.094088131868620195e+00,2.038647296292368072e+00,-1.415137502867054309e-01
-2.178298975669715105e+02,-7.075057993951620716e+00,-3.608702615678563430e-02,-1.298374900978698787e-01,2.637828618631357980e+00,2.419724044886554015e+00,1.243739266554308331e+00,-1.121053223148272965e-01,6.728041414963437106e-02,1.326897676109418001e+00,6.612646364069223459e-01,6.855902049076973981e-01
-2.214137248574495231e+02,-9.105980012907087584e+00,-9.267869994420155910e-01,3.309757372388379415e-01,2.553061584514804583e+00,3.296932119945775508e+00,9.872840176524344535e-01,-3.575572981218916313e-01,-1.272672097978500005e-02,2.079894937335399874e+00,1.471931342588333358e+00,1.111793360727915569e+00
-2.254966115726189742e+02,-1.033778274294127542e+01,1.598128650777327353e-01,4.763158329968072979e-01,1.398915399483931399e+00,7.877238156529405011e-02,-4.152388464592922102e-01,2.022842929052365638e-02,8.458617125438907536e-01,9.491554168630464972e-01,8.174934029770595245e-01,3.337514127220941873e-01
-2.256740706369551788e+02,-8.185026481109559882e+00,9.335193252624032212e-01,6.866205360583645945e-01,9.893551986845048329e-01,1.475864347675782451e+00,1.341259168251227152e+00,8.600272992601218913e-01,1.562322438925241475e+00,1.424014816222634039e+00,7.090231854770592257e-01,6.061105589996458320e-01
-2.324244494448018088e+02,-8.916525362482573769e+00,3.491562075755007544e-01,-3.378635741190887387e-01,7.495998513646978667e-01,1.523529538271449324e+00,8.177599737518179701e-01,2.785043881418708400e-01,-3.027843821651199363e-01,1.077292179366512670e+00,6.566297577995428014e-02,-3.767990036767656647e-01
-2.297930351575593590e+02,-9.245994646980093989e+00,-2.371511721237928416e+00,5.139197221432237426e-04,3.970298090051795348e-01,9.750682384687835436e-01,-1.317551545245350397e-01,-1.319784656147744206e+00,2.263432188979530579e-02,6.237294383139762033e-01,3.343922050059808804e-01,-1.186497219056832364e-01
-2.260600827762751521e+02,-8.688042526166809054e+00,-3.285975590161166249e+00,-9.643117633930000654e-01,1.299270050061320791e+00,2.268818690029424712e+00,5.137236226969934538e-01,-1.592573938867904326e+00,-5.801255701145580090e-02,1.104046688996149328e+00,6.039492454121151432e-01,1.072982404761972930e-01
-2.270725559890683485e+02,-8.564914663940490058e+00,-1.476963442124198167e+00,-2.860098132393888548e+00,1.797181747165233157e+00,2.621652675903157537e+00,7.213129786807706001e-01,5.872809082366974714e-02,7.029067375680266849e-01,1.201351611299447342e+00,7.994303671885063522e-01,-3.247836449566818828e-01
-2.305995131738123121e+02,-1.052588142960195228e+01,-1.871795913692386515e+00,-6.767115252361206590e-01,2.414342347988987836e+00,2.434606968992658160e+00,2.786484927087251040e-01,-6.425809552787715706e-01,-1.682278484243404648e-03,5.659542226426417244e-01,-1.228128098420455672e-02,-2.985019190544591083e-01
-2.315940347466963658e+02,-8.028793732528795246e+00,-1.455742123574563562e+00,-3.271133140676317219e-01,1.506832832573461678e+00,1.030971894504770781e+00,9.872246539453297665e-01,-4.533044317230460751e-01,3.614124551732127433e-01,4.455613528710387072e-01,5.154348973021618541e-01,-1.488951418998283316e-01
-2.326629684445259159e+02,-9.525479852471747222e+00,-9.130059851517384750e-01,-9.568130004665894583e-01,3.271653288347595723e-01,1.093639744563678073e+00,7.693318536754811809e-01,-3.484997456574890351e-01,-8.780321964721871097e-01,3.468168439163150651e-01,3.370406430484735871e-01,-3.132021306428924845e-01
-2.366959649716582703e+02,-1.008628835688127623e+01,-1.001705114921349837e+00,2.381131213185934403e-01,1.502701313546401352e+00,1.590747888840497337e+00,7.140612859204207297e-01,-7.462194727127331451e-01,7.380679394159246343e-01,1.427673201395375457e+00,8.967003964443582831e-01,8.743741353382574744e-01
-2.369137870122206664e+02,-9.488207494994462365e+00,1.468786223153655257e+00,4.719731419311674614e-01,2.484462529797362151e-01,1.354884003798647374e+00,1.273640378465156209e-01,-9.917185039568736371e-02,1.043407762947323736e+00,3.622002152095404881e-02,-6.335788939928104213e-01,-2.415313718103959673e-01
-2.366452984021861425e+02,-1.060785684430278053e+01,-4.827415788743725789e-01,-2.253167895873928461e-01,1.151801678449366317e+00,-3.732084443662992412e-01,6.022663851608320851e-01,8.930891608641449153e-01,4.065957403605398035e-01,-5.615869861871587432e-01,-7.860231780954496372e-01,-1.299969905425697903e+00
-2.380707589195692435e+02,-9.395816418466626629e+00,-4.036106336191092603e-01,-3.674548932994452510e-01,1.816186079518888885e-01,1.819647186179117193e-01,8.390261755807626454e-01,-2.201185365221358381e-01,-6.582172976236426720e-01,-3.742306526573351277e-01,4.586910190667925491e-03,-8.756220812361590333e-01
-2.380844790456989699e+02,-9.152762862965577284e+00,6.871231323117480416e-01,4.915295834038014289e-01,3.800271752473549647e-01,1.953133154403091654e-01,1.081592305467439674e+00,-1.504320784804993982e+00,-5.198571458821839020e-01,9.399307484566890025e-01,4.805166118362547145e-01,-5.130907566825158028e-01
-2.387483673162860214e+02,-8.220904669290886702e+00,1.202218895032099111e+00,6.443691748401838559e-01,2.646088748631427179e-01,3.892493223666450008e-01,-1.092685175270043385e-01,-4.985862481977828553e-01,-3.090699734773920682e-01,2.847240953656076101e-01,7.655408569618327164e-02,-1.074034205193072466e+00
-2.419660616702296920e+02,-9.777121465029154024e+00,1.957813656149619552e+00,6.625903756660285193e-01,3.632687635170349805e-03,5.509831595604690602e-01,3.990071551293785657e-01,1.508127926580609679e-01,8.120455276277271928e-01,4.451043483963559311e-01,2.069602711402840356e-02,-1.254736181903552961e-01
-2.409186446585706278e+02,-9.561544763967651406e+00,9.138788326775512116e-01,1.748922320213777803e+00,8.725864255126264402e-01,1.188963309968699589e+00,1.322068155989463145e+00,4.296086771731790765e-01,2.167517249152030256e+00,-4.397383213810002189e-02,-5.662853549301400946e-01,-1.808870173031351669e-01
-2.409657131788471247e+02,-9.189644924008339544e+00,1.888590136355356108e+00,-5.812410422090379392e-01,-4.084289220612796756e-01,8.700000137912243803e-01,1.347542468142384209e+00,6.811731471118598336e-01,-7.545902194422904330e-02,-7.370384778453811236e-01,-1.156563222531516999e-01,-8.476161602290517294e-01
-2.420137042671512688e+02,-7.069159413102950928e+00,2.180781419142528321e+00,1.144719110508966242e+00,6.891901875057394877e-02,6.477868771411172677e-01,-8.494826648249629297e-01,-9.590977639395825705e-01,-9.433910005426507928e-01,-1.978591023222620038e-02,6.224231872644541141e-01,-8.269762859463014593e-02
-2.445833794236942822e+02,-8.610223544150292341e+00,1.733285173257162359e+00,2.382456782147365448e+00,1.006339972124987714e+00,-1.429814753971271439e-02,-4.657726613645974956e-01,-1.364777059044891772e+00,-5.550169705887250116e-01,-4.912199728874249161e-01,6.387831804441872485e-01,3.665179060773482433e-02
-2.486046056759394958e+02,-1.027556599379104441e+01,9.477731130121024306e-01,1.834809009673236790e+00,4.766318332344200992e-01,-5.982176632543857453e-01,2.406952930486548278e-02,-1.199183720009947135e-01,5.340001036582497917e-03,-2.819289475694510827e-01,-6.446552767907949288e-01,4.361825073290503951e-01
-2.481196549457330320e+02,-9.049549581419610078e+00,1.734104978092226412e+00,1.498445634149474737e+00,9.124709238054713456e-01,1.109915568316585555e+00,-1.810301186581883270e-01,-7.206638477436476675e-01,2.656074430553712062e-01,5.339729848954632985e-02,-1.837747365968747104e-01,-4.438280608622022783e-01
-2.449022466689000623e+02,-9.813510284069643319e+00,1.892843156950760219e+00,2.003442382778532149e+00,6.679836903166728179e-01,1.045221418579030059e+00,1.280790594878518984e+00,2.635323506710975788e-02,-5.969704899688316191e-01,-1.485583203572744537e-01,4.278777438501712993e-02,8.580765636700675714e-01
-2.449566976091173274e+02,-1.062076310553391956e+01,4.994451152707246044e-01,3.018340811427159820e-01,9.245484985907758135e-01,-1.821364851341962174e-02,1.166268675793342702e+00,1.506924630492180728e-01,-4.744903615446782741e-01,-4.438238836788421793e-01,3.775901949399695923e-02,1.010632568653591079e-02
-2.462058588063434854e+02,-9.402465031058580891e+00,2.502381572085822237e-01,1.845281320707302886e+00,1.815125608607999430e+00,1.228646827764484639e+00,1.101452137268902565e+00,-7.131282389487218765e-02,3.158528980234449612e-01,-9.453362225245953709e-02,-7.115754519578514348e-01,-8.801048853566584285e-01
-2.448466614928283320e+02,-9.118987749923801900e+00,1.098779184574832923e+00,2.391819688820028489e+00,1.253827672025064288e+00,3.621118726138296551e-01,2.794232470531810564e-01,9.240856801472604465e-01,3.765187569808767787e-01,1.134202579347700635e-01,-4.291024400240255332e-01,-5.051940772789720313e-01
-2.434827132171586470e+02,-1.145256484528701968e+01,4.060107199313770510e-01,8.722012603400878250e-01,1.264209750938702692e+00,7.646829512760114911e-01,9.799360843499075324e-01,-4.246998534863630215e-01,-8.648232618473759015e-01,-1.027148712799885288e+00,2.852375437376668543e-01,-4.109183502720554770e-01
-2.452181925658471471e+02,-1.279431224552791768e+01,2.178925100177437901e+00,9.596217037837038166e-01,1.681376154745008566e+00,-3.815777593944875701e-01,7.632490798759087314e-01,-1.679314666920719512e+00,4.826025223511831719e-02,-1.894776331994307839e-04,-3.610995813274948674e-01,3.262965336761425306e-01
-2.497789767232736153e+02,-9.927802494923767540e+00,1.840897380744371148e+00,5.175521158819590406e-01,9.534080191882926547e-01,8.073505334794177646e-01,3.317656025446148460e-01,1.836902955444982832e-01,1.102965561456708876e+00,-2.331036540689161995e-01,-3.317506562328134123e-01,-1.895297524897898711e-01
-2.506188411673222163e+02,-1.022139941370741134e+01,1.447601280476607633e+00,1.706925081335384897e+00,7.391759212191434392e-01,1.222414636684261979e-01,-4.583374865322206726e-01,7.113853873578018794e-01,-3.374459088524299766e-01,-4.978170934210623955e-01,2.618378375560679316e-01,4.079841099655965309e-01
-2.522615759848042671e+02,-1.100101131595374149e+01,1.328795707811543103e+00,2.002230078987017770e+00,-2.667571104895523695e-02,-3.100405500695903593e-01,-5.766554608711351587e-02,1.604980104802078145e-01,-3.468806259911575429e-01,-4.318944475670427607e-01,6.047179810361713592e-01,7.351695261944257709e-02
-2.524386063355334215e+02,-1.028431616976496166e+01,9.761875668130435280e-01,1.564447334144608792e+00,1.697134488419785314e-01,-5.709321979376882350e-01,1.272012220816724604e+00,1.795710025888171413e-01,-5.235560658848235072e-01,2.637103864918088902e-01,2.221351843234016243e-01,1.131987763439354922e-01
-2.515890662428561200e+02,-9.961191788559817795e+00,1.149708366343408228e+00,1.423320685501378469e+00,1.088185141202679285e+00,-9.937833176060197893e-01,6.977063699623914372e-01,-1.466973157941144079e-01,-5.719647022398925973e-01,-2.992475835535017836e-01,1.462883561953161049e-01,-3.319715799226230502e-01
-2.516358541027333331e+02,-9.378738454935453106e+00,2.433907989588695919e+00,1.501734242814221298e+00,1.646489096021911847e+00,5.853413695469901201e-01,-2.263229088669761746e-01,-3.448417014731605112e-01,5.518162200787397609e-01,4.910861864637503515e-01,2.047648835912010412e-01,-1.469318101114680530e-01
-2.457161269796934562e+02,-1.016118070846923871e+01,7.014813301831842596e-01,1.336545218130980706e+00,-3.253877294836168832e-02,-1.055496772320076548e+00,-1.219925715304071845e-01,-2.846112191395942514e-01,2.941348029896293514e-01,1.356618607227019879e+00,4.222716040227298961e-01,1.160447015435750018e+00
-2.410560752482679447e+02,-8.816975257540766719e+00,-2.453213534111455540e-01,3.917566090885598928e+00,1.740335750884475230e+00,-4.963305008103139904e-01,-9.536700828813429731e-02,1.060301054310922170e-01,-3.688965537409389928e-01,2.303001391786594354e-01,-1.140808576305181177e-01,-9.160633714014068119e-01
-2.434975908006883856e+02,-9.837716277757587946e+00,-1.409419911927531244e+00,3.954499143784074189e+00,1.581029376223683780e+00,-2.046853144461203922e+00,8.480365043481740139e-01,-8.704924525976998062e-01,-1.939146893550228956e+00,-2.201373401434629784e-01,1.977878797925844978e-01,-2.329727598905151353e-01
-2.460919444889738372e+02,-9.275085653097141503e+00,-7.817221761788588630e-01,2.518321313915008464e+00,3.357072934134569531e-01,8.216774079036029410e-02,1.869529818785923003e-01,-8.441410776070199518e-01,-7.270301940359624737e-01,8.036779313390596258e-02,3.679233776667727440e-01,-4.870473314740451087e-01
-2.411788102305161487e+02,-9.095299261090216802e+00,-2.595541046073979174e+00,1.570642681417601105e+00,1.845190001270898827e+00,1.083381791375306324e+00,6.192436413702997466e-01,-1.221348124508912614e+00,-8.339771466713233883e-01,-2.045097085228242406e-01,6.342217217712136090e-01,-1.128975470394522063e-01
-2.369661456868410596e+02,-7.996358825726113118e+00,-1.751987018254795192e+00,-7.203773244603459691e-01,1.032799812040510412e+00,1.529825838164512453e+00,-2.897656476110984092e-01,-2.073858487875232193e+00,-8.059401683530962313e-01,1.220558203906566774e+00,1.675202368961935306e+00,1.688272677578197545e-01
-2.372919562953548507e+02,-8.567643562696435566e+00,-1.523318436916462959e+00,-9.592910406782844124e-01,3.087655501904862931e-01,3.430700588711689258e-01,-2.277800796274208062e-01,-9.817445843332367472e-01,-9.860147163948695948e-01,4.603475081725107998e-01,1.640042577233688181e+00,1.353560453523286355e+00
-2.399580303199388425e+02,-7.273767054497828788e+00,-2.073417885731805299e+00,-4.293382534867210332e+00,3.018614256996269840e-01,1.525752318958742748e+00,4.980366039772624598e-01,-9.994867636154758372e-01,-3.953709024204190570e-01,-1.035318350903580153e-02,1.419531836957540261e+00,8.832750098039525710e-01
-2.456597632496793722e+02,-8.539708136842927289e+00,3.197427620147519911e-01,-1.083459389708514742e+00,7.520813556519776455e-01,9.322442957772454630e-02,9.276234252063841890e-01,-1.802296271366614078e-01,-8.291474674714272020e-01,-6.831330664254267049e-01,3.265500553528890570e-01,-5.442165010914976619e-01
-2.437829992589762469e+02,-7.975113579726571089e+00,1.198915834055031437e+00,-2.693944135658976960e-02,7.573333630823781970e-01,1.221798572480718326e+00,-2.805827551587516400e-01,8.557431413579107138e-02,-5.843241536117305124e-01,4.150238080361319248e-01,7.993573341610384908e-01,6.672791786192107111e-01
-2.278559969300259525e+02,-1.410032413496121739e-01,8.052373942020184527e-01,-2.684153088772794238e+00,-2.106616441718350607e+00,-3.462319764299639058e+00,-1.568013728652157157e+00,-8.618938629207585356e-01,-1.035802911426165096e+00,7.157674615391016459e-01,1.583648869715605034e+00,5.755306939907995911e-01
-2.017620107529344295e+02,7.756048094724911302e+00,1.539048269463942020e+00,-9.146957687786820834e-01,-2.290284938336414999e+00,-1.238760587073885588e+00,1.467885300049200037e+00,1.210535169695663660e+00,-9.459451652510375563e-01,3.044462900599498312e-01,4.499144137432598001e-02,9.035947885640069899e-01
-1.650346102540284221e+02,1.509604238385090369e+01,-6.296334359924832036e+00,-1.338965247999078345e+00,-2.653537400538821700e+00,-3.219269632543870774e-01,2.750608426770060788e+00,3.449488658738858238e+00,-1.012951055685843649e+00,-1.292815211349029880e+00,-1.769460940590459330e-01,1.687856081637512773e+00
-1.467538457747877487e+02,1.411192738028283777e+01,-8.101694599910890915e+00,-1.615229678805551794e+00,-3.182055523497699046e+00,-5.358952046170811778e-01,3.004495856700683643e+00,2.810498763874258898e+00,-1.654100583482846609e+00,-1.116466133281132755e+00,-9.929155448862845290e-01,1.254225555842317874e+00
-1.310264354324195040e+02,1.199122473907771003e+01,-1.231510158906695551e+01,-3.598586706437371774e+00,-7.577422493025053329e-01,-2.327873663233996027e+00,1.570632768131327461e+00,4.321887961329316852e+00,-2.092938042725006387e+00,3.408752524042952814e-01,4.903260844401868823e-01,9.443390535273081809e-01
-1.249527102743575142e+02,1.014175626177383727e+01,-8.276668395199619610e+00,-7.006497488376723481e+00,1.511352142440837154e+00,-4.356614402792707175e+00,1.818484872090146309e+00,5.313915489713027185e+00,-3.190822661108723146e+00,1.199706469349234084e+00,-4.324755244509601582e-01,1.830425684797404529e+00
-1.260217321714341949e+02,1.056678065171248981e+01,-8.267307926176441057e+00,-1.008122861778678825e+01,1.025429268749244560e+00,-3.638633281626194815e+00,8.616947560624151903e-01,5.645164946555300212e+00,-1.274221322784476751e+00,2.316278587025760061e+00,-7.241430471494387788e-01,2.475979519726152489e+00
-1.249961882488101139e+02,1.278444172697510339e+01,-9.615541080748576164e+00,-8.428947924055734120e+00,4.328395113260827265e-01,-3.770462651921872244e+00,1.284227769246904405e+00,3.649584407546540010e+00,-1.313720163674643171e+00,1.183830614692531924e+00,-1.849012504703209991e+00,3.011803054536336788e+00
-1.218477063130570741e+02,1.057901425570343790e+01,-6.637008494166450667e+00,-1.178590182669478637e+01,2.780330838503007218e+00,-5.053830770360256075e+00,-9.407048696833907320e-01,4.258339468729877453e+00,-1.605012717860000215e+00,1.992939243481503198e+00,-3.006644211716918313e+00,4.107767864941074265e+00
-1.221822623966993575e+02,1.251403590314325953e+01,-7.100480801065571335e+00,-1.171393549281306612e+01,3.873606764400097657e-01,-2.932435356082497169e+00,-1.141253535496757010e+00,1.961190493251639966e+00,-1.275448252453992293e+00,1.186978774766316747e+00,-2.435551283833665259e+00,3.712568475952551239e+00
-1.232022022674846937e+02,1.406510463985422987e+01,-8.331727679377538109e+00,-1.084354043766164821e+01,5.686650586577834954e-01,-1.641345159929043396e+00,-3.987414693371212349e-01,-2.922473103741649592e-01,-1.572528487832733246e+00,1.910114510977969360e+00,-2.376533521550638461e+00,3.131961626166571477e+00
-1.228561386579805088e+02,1.432059026725290174e+01,-8.034605865554418358e+00,-1.109053233045039555e+01,1.869672535403041680e+00,-8.577811817647482684e-01,-6.616067943183437938e-01,-3.067893273985087821e-01,-1.136640428686279236e+00,2.534420273728500206e+00,-2.310909322476430106e+00,3.506376197292887298e+00
-1.250140393901063902e+02,1.623456902119957235e+01,-7.492011209484316758e+00,-1.161023403190887748e+01,1.740773553694030751e+00,-6.526556536258132368e-01,-3.831796796182609932e-01,-2.600535802744640135e-01,-5.982560929253815107e-01,2.110830339009419632e+00,-1.681760266312796404e+00,3.220837042714478571e+00
-1.251918483500451913e+02,1.365473548950097538e+01,-5.641735261594162054e+00,-1.038649201321567972e+01,3.446798509365444296e+00,-1.420364892524287992e+00,-1.340515704097278382e+00,5.627202707070914078e-01,-3.371106360388433920e-01,2.438090221040891237e+00,-1.946680599225603991e+00,3.087028788631485554e+00
-1.310594817675912225e+02,1.273541248004856108e+01,-3.916531175975832557e+00,-1.121819935168600857e+01,6.267506153474966091e+00,-3.712389640897453824e-01,-2.132061093944866315e+00,2.967449308579414025e-01,-4.630373423842062408e-01,2.493001339400869654e+00,-2.995945333886445461e+00,3.947566553418440094e+00
-1.383775051384979520e+02,1.276373661645669877e+01,-3.934148702474497661e+00,-1.051678013652141175e+01,8.934106015988595217e+00,1.265593935764262712e+00,-2.262698612525075426e+00,-1.642282245147780984e+00,-2.234853646873906197e+00,2.891396052316075327e+00,-1.753903659580644536e+00,4.891522018428744900e+00
-1.409622283422573616e+02,1.276295333657334119e+01,-3.382214689395064866e+00,-1.138640464784429085e+01,9.574642112709604191e+00,9.242542448454957871e-01,-2.861148533924572135e+00,-3.603427630362115441e-01,-1.723523363898018301e+00,2.069844250271856367e+00,-9.723048591091005832e-01,3.764917448541808653e+00
-1.454897419150154008e+02,1.269423465796756822e+01,-3.376264925521823113e+00,-9.701683819626117256e+00,1.016500403481665593e+01,9.494413191565743704e-01,-2.580642296843029815e+00,-1.413219103651791153e+00,-1.891679536020228536e+00,1.937865191938435316e+00,-1.041151453011025296e+00,3.670515483077615215e+00
-1.419990123906691224e+02,9.776954351349241179e+00,-1.783524791837561185e+00,-9.971467943540394785e+00,9.418700850408679770e+00,7.784765347513243894e-01,-2.811837511271880974e+00,-8.524195037345110304e-01,-9.531267048054297142e-01,1.579339089591918821e+00,-1.636670634093926324e+00,3.961691709422822782e+00
-1.420302182636634996e+02,1.048456791186608505e+01,-1.561450600676955958e+00,-1.095226250434093984e+01,9.621430567120407673e+00,3.357139389275362595e-02,-3.385933019512587627e+00,-3.271568312244742538e-01,4.271384795359658426e-01,1.353352744813705044e+00,-1.983619222645030433e+00,3.322933920111708517e+00
-1.389660792338869726e+02,8.305865287054141177e+00,-3.219732050472071894e+00,-1.036222258878139080e+01,9.667964024638253662e+00,-8.125523532919639580e-01,-2.432247869516732663e+00,-2.530315872457300497e-01,-6.336962204850817848e-01,1.772274974128368541e+00,-1.207132510641506506e+00,2.953658011758307111e+00
-1.362869972447034002e+02,3.272026136823250386e+00,-1.818963538319086304e+00,-9.607987767983473759e+00,1.094526370654023850e+01,-1.140278610240891943e+00,-2.401517218138760068e+00,1.071760751684836532e-01,-1.812261303575368743e-03,1.545982381475333511e+00,-2.510820215363105845e+00,3.326883458815174777e+00
-1.362529740115163293e+02,1.460503102305469980e+00,-2.133910790355567411e+00,-9.452033168834791610e+00,9.755554782959254823e+00,-1.060811793229037708e-01,-8.152565443201645889e-01,1.428205525729183134e-01,9.260484188241533410e-01,9.603316383094835373e-01,-3.479640521371641704e+00,3.372415170827650854e+00
-1.374643183640262976e+02,6.365226047530592179e-02,-4.325263567163009526e+00,-7.154622838768672111e+00,9.764092952414285875e+00,-1.560978300997052148e+00,8.974617830318155631e-01,3.284444090351094081e-01,1.930532099922405820e+00,1.191392070654195834e+00,-4.636877668540528852e+00,3.465877068698432595e+00
-1.466996142684122617e+02,2.883410257619875239e+00,-4.891605989318743575e+00,-7.439883637812802597e+00,5.228185424506273549e+00,-9.158257822107076507e-01,1.861384408930661705e+00,8.602431594691202221e-01,1.757074047085207980e+00,2.944427267032345696e-01,-3.037283221981630366e+00,2.449532064522472297e+00
-1.436251627762036094e+02,2.723047014338270788e+00,-8.321156639405469235e+00,-8.082022611199091600e+00,2.348688550882167547e+00,-1.757588291415525639e+00,2.534017656018773490e+00,3.550199737916841514e+00,1.822157622746492844e+00,4.688436782171123696e-03,-9.242430877198839489e-01,9.120902329781159779e-01
-1.460154826030550907e+02,-8.629059679525783455e-01,-1.112285575581078234e+01,-4.890514242904853148e+00,2.065256772429318044e+00,-1.676723769824326749e-01,3.946949328227731701e+00,3.020075495885162109e+00,4.496080987537056650e-01,-6.827664717895700619e-01,-3.683793304239322275e-01,4.802894343905634855e-01
-1.505704145212282583e+02,-4.782441519410327579e+00,-7.780525305877634246e+00,-4.884320193215683226e+00,-3.321759783007401934e-01,1.111874030468591679e+00,4.072308350163522661e+00,4.725129681131121084e-01,-4.335389591306801904e-01,-6.499834001928590510e-01,-1.583368833855872682e-01,3.593000613350554318e-01
-1.492658154173952028e+02,-8.281312812597972695e+00,-8.027288142290078810e+00,-5.155072365004556900e+00,-2.924312236449603475e+00,2.856945728127225248e+00,4.413005967339425517e+00,-6.689929241087685385e-01,1.420116307446826376e+00,-1.695078849438672819e+00,-2.518327824000929915e+00,5.798695888966491907e-01
-1.478999763484261507e+02,-1.285130804057816611e+01,-8.521613021183984671e+00,-5.060863292156570381e+00,-5.878287549921292765e+00,2.577705327863974105e+00,2.364969978259958250e+00,1.567311582252816526e+00,2.333656392269651825e+00,-3.692301909068476107e-01,-5.727520835847954572e-02,9.728857868701439315e-01
-1.457025176686224768e+02,-1.596701453651405345e+01,-6.017723962234256874e+00,-6.732081887880425164e+00,-8.968235341066954192e+00,1.769653920909338485e+00,2.741720555523674996e+00,1.085533697854630386e+00,9.714913082954259593e-01,9.542458210788904438e-01,6.318397591034852212e-02,-4.357268999977463864e-01
-1.466153904521920026e+02,-1.527272421557671400e+01,-2.775627259182515516e+00,-6.023464544680543042e+00,-8.384943606718994857e+00,1.268653964766390141e+00,1.261273504936496037e+00,1.938200706661637185e-01,-5.490626483089782184e-01,-4.256820348276626476e-01,2.117084064072125571e-01,3.530353349103876326e-02
-1.479018044364391926e+02,-1.799992676675514858e+01,-2.033553356880879903e+00,-7.347125574949391336e+00,-1.008661734585017378e+01,-2.324388086838848899e+00,2.933516138695490660e+00,2.356959225846696260e+00,1.563491352927032452e+00,1.353895492102710207e+00,3.900721978607544216e-01,2.984816665040312955e-01
-1.433874039483283411e+02,-1.868368405602736715e+01,-4.411801884765937487e+00,-7.490164425224029365e+00,-9.388235478257286104e+00,4.203804242715791784e-01,3.434057417902335985e+00,4.384749184716002501e-01,-2.017422880814526920e+00,-8.227049721881378730e-01,1.550409827646294758e+00,-1.860786377165538852e+00
-1.458434107577320731e+02,-1.460442684714238304e+01,-1.731959716576138897e+00,-6.514114013586569385e+00,-1.009695253438710161e+01,2.050003395180461485e+00,5.854123027600861562e+00,7.147323805246091899e-02,-1.627737528903447028e+00,-1.324811975369168948e+00,5.741797858972628177e-01,-7.271889927114472130e-02
-1.471275593601435219e+02,-1.309101625439534899e+01,-9.735763811002903223e-01,-1.014561634276589608e+01,-9.328824616171386808e+00,-1.132754501604491815e-01,3.669408900239560456e+00,8.308079930304398397e-01,6.567602945527539759e-02,-1.522807826631037642e+00,-1.585495860616539243e+00,1.125529562617856527e+00
-1.464171179110493028e+02,-1.372903511932680054e+01,-2.903073006200643125e+00,-1.016550949200410159e+01,-9.327034104920508994e+00,-3.516389947631243240e-01,1.843282675089671141e+00,-3.332044028348459253e-01,5.634097095826167134e-01,-3.096134601058366798e-01,3.052116971696832159e-01,-1.689284391518341977e-01
-1.461801115505307109e+02,-1.120888197614970139e+01,-2.812534776245510404e+00,-7.505892269391016391e+00,-7.465918479581318934e+00,3.300372065833021527e-03,4.625886468478828562e+00,-6.908658753532588293e-01,-2.892992468192847166e+00,3.796428456312934685e-01,2.723535395148677374e-01,-9.895198230125146210e-02
-1.503729488376557129e+02,-2.586351760446128800e+00,6.146880410265768147e-01,-4.291483991452998303e+00,-6.890802826091130484e+00,7.320816959416438507e-01,5.625298827478745878e+00,2.058126833237311271e+00,4.287902487233798965e-01,1.501221356542739471e+00,6.988897920007763886e-02,4.796779209333550398e-01
-1.473177385971190176e+02,5.462049442800290144e+00,5.569502930763405857e+00,-2.167208235908621994e+00,-5.133880465570348051e+00,1.007789096393523209e+00,4.855576415861205142e+00,1.341704451397219167e+00,-1.336866221461040505e+00,4.415234444657425428e-01,2.322807046494843597e-01,6.056794060906511845e-01
-1.370930988460504238e+02,7.750698991991249898e+00,4.030707922427476220e+00,-6.978899087660068723e+00,-5.827677494491907417e+00,1.813801298995524558e+00,2.911959913261604083e+00,1.227006236035278253e+00,-1.491450960278434712e+00,6.990084740142332720e-01,-5.410556542464419749e-01,1.493915317625685191e+00
-1.362052721896076832e+02,5.532276542067832814e+00,7.391336489351103545e+00,-7.929771585022459490e+00,-5.328912470183669647e+00,5.070299566216432963e-01,2.439762100801421862e+00,9.830855079207804215e-01,-3.292929532953780214e+00,1.394964118522361574e+00,-2.410771115336212134e-01,5.196740892486388930e-01
-1.386068815433539214e+02,7.617656457391960956e+00,4.875317725716292294e+00,-6.666016331912606674e+00,-5.307585366614008926e+00,2.193298774526207806e-01,2.523897264674912044e+00,1.745656360523850870e+00,-4.355969204145609730e+00,1.140993933069985644e+00,2.905958371465269252e-01,4.017980961345699598e-01
-1.367974341816569677e+02,7.855924706445389205e+00,4.225703116792780989e+00,-5.024758149219062275e+00,-6.257373570220281955e+00,-6.910667724369216058e-01,3.750714489996551659e+00,6.008890530155278631e-01,-3.997259450918575485e+00,1.504070775978458840e+00,-6.531685962557620684e-01,1.531778768279458802e+00
-1.351937577714325869e+02,5.893418611984190925e+00,4.318048936114470493e+00,-3.994771263200056044e+00,-7.946518319070450254e+00,-6.468670215958085556e-01,4.998618528284175078e+00,5.305680043859394290e-01,-3.251711059497787382e+00,1.488674529986392159e+00,-1.470780004902984217e+00,2.897831868791911347e+00
-1.391159254530268470e+02,5.908267564730910415e+00,6.757954475734810451e+00,-6.232123189067919178e+00,-6.241067564406871604e+00,-6.455057273963491493e-01,5.116353284362189058e+00,1.510451318142702615e+00,-3.922809116959126818e+00,1.711489734211996350e+00,-1.080935030959869980e+00,2.247543866588181061e+00
-1.406290517749655464e+02,2.589801012349472575e+00,8.630641625000439632e+00,-5.905465757439086971e+00,-6.294791670669426686e+00,1.999710620920883697e-01,4.496406746839507029e+00,1.371545924982314535e+00,-3.761013274399954032e+00,1.728252813391200959e+00,-3.257500822565675414e-01,1.625889558447823902e+00
-1.454183590888320055e+02,1.704361959922374270e+00,7.432941113963191349e+00,-4.114246782081904641e+00,-6.305698673268046228e+00,2.985253364090532102e-01,6.404131058506826513e+00,1.335357066120310243e+00,-4.902153285219651657e+00,1.986623715297584525e+00,-1.897666121969276976e-01,1.403303539195469796e+00
-1.470948525703138898e+02,8.942105752770433333e-03,8.992267561229910555e+00,-4.439091631270569493e+00,-4.647460045445385823e+00,1.548797236696165813e-01,5.239151523615040773e+00,1.694468230673559450e+00,-5.530151527245626752e+00,2.049221702269505840e+00,-4.064902241947091488e-01,1.028035689988769263e+00
-1.465096299564908122e+02,6.724460876535821863e-02,1.137472252416974960e+01,-5.559311351212248731e+00,-5.781098051087228740e+00,-9.280243609949215822e-01,4.407300972550819651e+00,1.766585034328526094e+00,-4.990353782562551466e+00,2.783823782988685380e+00,-1.112749693847954191e-01,-7.574784467652762032e-02
-1.496467421138914915e+02,-1.236957143459576081e+00,1.163274131132966716e+01,-3.880782696791405861e+00,-4.585764187334944175e+00,-2.937864372708632321e-01,3.460612015664749297e+00,2.540061813322384565e-01,-4.503256879092804255e+00,3.435176608483606842e+00,-5.206748587986855803e-01,9.040438878650434162e-01
-1.537796268661495560e+02,1.017229149371069452e+00,1.139419130789058165e+01,-7.089112952445065119e+00,-6.358390145701009466e+00,1.664548801938397604e+00,5.032506851545704762e+00,1.721798806870911580e+00,-4.176665921443299290e+00,1.217408915184600815e+00,-1.590484070370052905e+00,2.706635682932827081e+00
-1.557021152644574897e+02,1.892698961200802055e+00,9.401842807288183224e+00,-7.506010599175227505e+00,-6.014791986222128628e+00,2.813351440793032676e-01,4.044471900425112842e+00,2.377930426653257712e+00,-4.334724854344971234e+00,5.853196759909060631e-01,-1.414159119866086112e+00,2.153642271354151205e+00
-1.565025355437521455e+02,-2.385828544997152356e+00,1.185447834858579341e+01,-8.048401653766543262e+00,-5.759745657040127753e+00,2.307295708514535804e+00,6.602845065131769609e+00,2.622693996125316396e+00,-4.392202400520333505e+00,1.136221713941269584e+00,-2.726248161919580415e+00,2.581617493320635504e+00
-1.712490253030485405e+02,4.640126232060152844e+00,8.846494042859452733e+00,-6.197843483775885787e+00,-6.270101154948629407e+00,1.836705188035619329e+00,5.243896364262838894e+00,2.580286622230199445e+00,-2.221232515979110644e+00,7.912626855948268201e-01,-8.743605888492518297e-01,2.187154012262034541e+00
-1.763955039860407226e+02,7.031001464520756805e+00,6.065953907125185118e+00,-4.440399868424285579e+00,-6.527085608668000916e+00,1.151063137882215592e+00,4.365275366170969562e+00,8.724453100054322396e-01,-2.167487297633619470e+00,-3.852342020230601349e-01,2.232867781168206278e-01,2.078769373525481967e+00
-1.814598642898201035e+02,4.599674285688853281e+00,5.918265804190923518e+00,-3.629103528525245093e+00,-9.397138173454369081e+00,1.714751690130706385e-01,4.599376019670158300e+00,1.061631940008135988e+00,-1.357168609995343944e-01,-6.482576520663290154e-01,-3.681289700673375798e-01,2.297757039265626133e+00
-1.842404085094262882e+02,5.910453178688913844e+00,5.271346832768843527e+00,-6.664748623467858124e+00,-7.462754608363511899e+00,1.288876898730891840e-01,4.367740126284354041e+00,2.309648433514885468e+00,-8.610890473791750210e-01,-5.465944583870729900e-01,-5.845389355913521712e-01,1.916600076328791147e+00
-1.905434551732247144e+02,4.621483862135886689e+00,4.591321120567741332e+00,-7.738512567629208583e+00,-9.898134414909744550e+00,-1.784981254461557310e+00,3.550642625175711942e+00,2.795960115707585292e+00,1.316131591253633992e+00,6.845170629953116759e-01,-4.080007718412663742e-01,1.226719193742091818e+00
-1.951717799163183713e+02,1.409625425899802442e+00,1.489795638406336442e+00,-8.344623109481398515e+00,-9.524491599750986026e+00,-1.732590234469210788e+00,2.627096924334088701e+00,1.835912448562111887e+00,6.201780676142440996e-01,-4.530247737801040842e-01,-1.243756918223476227e+00,7.661921456507840844e-01
-1.989139578032280156e+02,-6.448877369174579877e-02,1.987370429473473976e+00,-8.008623682038706448e+00,-7.744572782105912268e+00,-2.124916489287698607e+00,3.949499135894342761e+00,2.689320371351485939e+00,3.803689977695183799e-01,9.712741858886175805e-01,-5.426767895097952543e-01,-3.957127542999998582e-01
-2.011955988545655032e+02,4.543425389208003429e-01,3.630634429891860027e+00,-7.052089062240749939e+00,-7.199909815450429740e+00,-2.356932025221492477e+00,3.571929812885116018e+00,3.483336167495477032e+00,1.037229035066635330e+00,8.305571495273333937e-01,1.804655779671713312e-01,3.514669845282014649e-02
-2.059466950569793369e+02,-3.192469682009277054e+00,4.096739872115365166e+00,-3.019724720215870128e+00,-4.487970668846243072e+00,-9.336669087968229030e-01,1.782980945236789072e+00,1.731454473689065576e+00,1.072211208918855352e+00,-5.416220163782021757e-01,-8.433802768072141687e-01,-7.738551393925945376e-01
-2.056411684346485913e+02,-4.787092152682861368e+00,9.151724486976425821e-01,-3.423966221033293067e+00,-2.552890707530986347e+00,-1.407823583573566628e+00,1.315941056494283945e+00,1.284321793540635914e+00,-1.708319071197283989e-03,-6.602004070816178682e-01,-1.239352958027652996e+00,-3.632806677990316757e-01
-2.081947473964080189e+02,-5.484807782824765887e+00,8.709784289364644883e-01,-4.522346769897876761e+00,-2.222699745235058533e+00,-1.041493229374715668e+00,2.355638940040187257e-01,1.725682589433183756e+00,1.411379518897038832e+00,3.891639554867971640e-01,-1.258133316529224555e+00,-9.610696784734926723e-01
-2.086506084073942873e+02,-4.683440439096460572e+00,3.207339456992331694e+00,-4.161460063952269750e-01,-4.298344585444331678e-02,-2.904511486223449457e-01,4.344826867164943152e-01,6.497566068172354603e-01,-1.234405264383526823e-01,5.934914782430560365e-01,-5.439586551029280681e-01,8.229646336249629712e-02
-2.145488148585778845e+02,-6.700370281307785447e+00,3.568853199685972033e+00,5.489720161155712264e-01,1.527109813138293415e+00,5.177453961163839269e-01,-2.077646213392969343e-01,-4.429603366018127764e-01,-3.107640177946584537e-01,-6.376751729125871293e-01,-1.710185428549858333e+00,-1.134374634262357517e+00
-2.072881481882743628e+02,-8.381068456390114108e+00,-1.415697902845632905e+00,-2.795647663069778410e+00,2.183168362494742443e+00,2.328998853719769002e+00,-1.760752757766556875e-01,-1.424594700677662695e+00,-1.479255818350363683e+00,-2.365119962007327103e-01,-9.703196104804359123e-01,-5.835045984236586492e-01
-1.998092161070874795e+02,-8.411632556104832403e+00,-2.726909829863353174e+00,-2.240603057389817465e+00,1.719723105003299279e+00,1.379856900800411124e+00,-5.118539728434516878e-01,-9.682588268577134727e-01,-1.018029366360427623e+00,-6.366023699476741626e-02,-3.810053684094460991e-02,2.520976700960773087e-01
-2.025303808251378825e+02,-7.939168581558692317e+00,-2.814390681693408780e+00,-2.347984199023636975e+00,3.906694269325951263e-02,1.003108202744625421e+00,-2.435730385019970079e+00,-1.206821163866736990e+00,-2.125521520139342257e+00,7.916427983295868387e-01,1.542976070781778564e+00,-1.961462735912959943e-01
-1.925318876898099631e+02,-1.066420431539904534e+01,-4.310417630974368919e+00,-4.159492954711441648e+00,-3.562237111017172997e-01,-1.003262953623629494e+00,-1.753801248170777871e+00,-6.099261052191298216e-01,-2.261836810011540244e+00,2.249215405637556842e-01,8.364491358911863017e-02,-1.161177525472893990e+00
-1.879867459466264847e+02,-1.438342157135503641e+01,-7.560191407942530084e+00,-4.626910582663580129e+00,-1.447179799265271738e+00,-8.850025677956719905e-01,-1.823399595392188433e+00,-6.582895956279615213e-01,-1.535224007408077185e+00,-9.771160552565447688e-01,-1.854564855875464602e-01,-1.014408533169316229e+00
-1.933517123177847736e+02,-9.518331497453729639e+00,-4.744786363577926380e+00,-3.585118686399120680e+00,-1.313558624202591174e+00,-1.712950852836831128e+00,-1.070071659951078002e+00,-1.524348704956173917e+00,-7.651048221636056468e-01,-9.056762843719923239e-01,-1.528433568340750170e-01,1.619647610787140479e-01
-2.051370453706266517e+02,-9.980417954503524314e+00,-5.188838830657164891e+00,-3.944116531995792929e+00,-1.320782303999065155e-01,1.316156612404709714e+00,-3.966328997520436328e-01,-6.220638572749361828e-01,-1.388232203165187251e+00,-9.676482286951681999e-02,2.719687416241822753e-01,8.934573410371484670e-01
-1.997804419853243303e+02,-1.117941857421158147e+01,-7.139333971878474294e+00,-2.835377786959714541e+00,2.360399015553760638e+00,8.800480454620245307e-01,-1.091961612871357623e+00,-7.794922912074427890e-01,-1.004296128313615810e+00,6.729387500527614918e-01,9.289416113046682355e-01,1.342627382962504612e-01
-1.964532355312620666e+02,-1.137211044190324216e+01,-6.379083562532410490e+00,-3.994211004656406327e+00,2.074744770509183045e+00,2.299625643189188828e+00,-1.589954360983650172e+00,-9.722370745616772947e-01,-1.601275042326013143e+00,1.470468641071661864e+00,2.143995992999931488e+00,1.194101310122448467e-01
-2.005295960495451766e+02,-8.399819154701726021e+00,-4.744217003261857357e+00,-1.736287176231409823e+00,1.967101660449371847e+00,3.735568984046697683e+00,5.575443114186182103e-02,-1.032267235386866266e+00,-8.925414459425802249e-01,2.366424758897572644e+00,1.813870559590805787e+00,2.221433334434692597e-01
-2.049894677618979131e+02,-7.406997006224755431e+00,-1.772393651990640473e+00,-1.737173476350142576e-01,2.775114120576037902e+00,1.989682718753091661e+00,-5.671638575043970176e-01,-1.408851891589858241e+00,-2.194704851412822233e+00,2.085546260913957894e+00,2.118119205918982839e+00,-1.606764701292462405e-01
-2.078783390937365709e+02,-4.792540594212643335e+00,2.194368392114078858e+00,8.118876186862714617e-01,2.392311508494209260e+00,2.128661424440630334e+00,-1.096956483292246931e+00,-2.087750039703548222e+00,-2.340137724083057869e+00,1.399950741598022574e+00,2.185647988025355204e+00,5.948259828102493429e-01
-2.102876171925536255e+02,-3.401686563626993287e+00,2.331908648333567147e+00,-1.330338982521460101e-01,2.916000670381710957e+00,1.663162816087168316e+00,-6.888861573541669170e-01,-2.528220034840294339e+00,-1.412868735302931888e+00,1.640484750077572329e+00,1.607338372261964743e+00,3.945859614291578055e-01
-2.127859694516322975e+02,-4.496887111653013136e+00,3.989230418934752720e+00,1.421771246604129679e+00,1.740861179480201137e+00,6.016439457680783365e-01,-1.058518869083762137e+00,-1.166058477462498022e+00,2.008451864798222464e-01,4.638548733326217643e-01,4.623277009498965029e-01,2.547389706872280613e-01
-2.103766923480039281e+02,-3.862313679504456143e+00,3.703335494725125354e+00,2.942906321130064548e-02,3.179115923357351381e+00,8.392145151434803330e-01,-1.170280164059932959e+00,-1.849213858781686648e+00,-9.617874796114624925e-01,1.581121177433239211e+00,5.421044872343898646e-01,9.613905245558385104e-03
-2.088525672769696655e+02,-3.524082826059601992e+00,4.602985368757186002e+00,2.534257333336700668e+00,2.146029963234676430e+00,-1.243429006942358139e+00,-1.483900449197072646e+00,-5.435313125233479647e-01,-1.388975544354179137e+00,1.136640349388635229e+00,1.952834227756897745e+00,-9.945488802433004594e-01
-2.109498643047700455e+02,-4.390529525056289017e+00,4.652635308872038244e+00,2.813551399226544181e+00,1.941012992902170886e+00,-7.505129132665200320e-01,-1.286950222358621776e+00,-1.594110549192486737e+00,-5.804052312282188542e-01,1.813778695468592161e+00,1.315947469754561006e+00,-5.285560794783776828e-01
-2.113480558574723887e+02,-4.976236570795219194e+00,5.087619770047510315e+00,1.691823187917376625e+00,1.218379322348840832e+00,-6.398294092411620504e-01,2.010793184605755568e-01,-6.384391348635066743e-01,-6.996322295464232344e-01,6.901596427661900179e-01,1.092817461482012531e+00,-2.839497720948145343e-01
-2.149431459712156141e+02,-3.190456213936896379e+00,5.302464966620482834e+00,1.542157911926075597e-01,6.986154704564180307e-01,9.001977438212230287e-02,-4.819342926159258383e-02,-6.765542754029564287e-01,4.724699331577816297e-01,-2.304306947378229609e-01,2.183439933427691049e-01,9.278084842788274500e-01
-2.167576207241427539e+02,-5.027537370505601011e+00,5.914177620769422106e+00,1.460928305687632545e+00,2.026030480927457411e+00,3.481808234725802254e-01,-5.486014524048581364e-01,-1.337564084070895998e+00,4.618858441238546941e-01,9.683675838968355265e-01,3.101511893352868476e-01,9.218094716875810946e-01
-2.139326710565634357e+02,-7.603272411035411515e+00,3.829822718949326799e+00,1.702248814044163616e+00,3.333448258488764360e+00,1.653647692043089368e+00,-1.275346493302423334e-01,-2.027872070453163644e+00,-4.620475153279203218e-01,1.705001737533986983e+00,1.075387149240521367e+00,8.162571760558705591e-01
-2.163294934138722851e+02,-8.327118447489896269e+00,2.674227046453006018e+00,1.226188519037484277e-02,2.902413299707963912e+00,1.334413092647216859e+00,4.222737627374849589e-01,-5.100167760578452336e-01,-3.177947324182437416e-01,5.433244794702112301e-01,6.452685289367705579e-01,2.634127643348875836e-01
-2.174569695897615986e+02,-8.393469472997381331e+00,3.395903752642037254e+00,7.051286607692835995e-01,7.778053325825544650e-01,7.784372685007661108e-01,3.267472419650351845e-01,-3.765932116628674109e-01,-5.343635912781590225e-01,3.141530925187865364e-01,7.793138544040609794e-01,-4.514955447220501128e-01
-2.164467039332873242e+02,-8.377635099001857100e+00,2.257827296756688362e+00,1.227576633494117386e+00,1.392941639950522337e+00,1.733520508738038424e-01,-9.501032757839644738e-01,-1.640070209375027011e+00,-4.448964764516682990e-01,5.273382985338095352e-01,2.876904476737780492e-01,2.299173157620941765e-01
-2.162878783614146414e+02,-7.582221650288796688e+00,3.143115419462495730e+00,-3.355496400416739244e-01,9.909690848685787090e-01,-1.223097145340387160e+00,-9.794222114649686617e-01,-7.827908837457281388e-01,-7.387036767616370625e-01,-1.344214533267980016e-01,4.189485827707795096e-02,-2.896328983811713442e-02
-2.131057603145682435e+02,-8.257087933673053826e+00,3.769497128754191184e+00,-1.700493612068831040e-01,6.433603057172456730e-01,-5.416596971724892962e-01,-3.965179136085201228e-01,4.497703783875304784e-01,3.505217600875001338e-01,-1.040970770340834406e-01,-5.211827449857815431e-01,-5.935631193356272206e-01
-2.133641115007950759e+02,-8.939757929320638397e+00,2.696472851723643149e+00,6.676467169247803923e-01,8.803309670839433165e-01,2.651858536055622939e-01,1.223487552986588955e+00,1.420379784819055358e+00,7.409645978372709774e-01,1.279790388793632161e+00,5.995780921092475069e-02,3.462846626482445345e-01
-2.162057143834000783e+02,-8.849812418563880456e+00,3.841827860758430191e+00,2.210851678046360791e-01,2.695194994370006203e+00,2.598047461081178233e-01,1.307918148470780695e+00,1.920760084879965301e+00,5.288110278824893484e-01,1.281364537923565194e+00,7.411677522249786598e-01,7.510869569937312917e-01
-2.170292972308619426e+02,-9.572093285003212770e+00,4.428699766824125916e+00,2.457817183613685952e+00,2.049802929647702499e+00,1.596469768272490208e+00,2.006068055577415965e+00,7.552460085761869557e-01,6.244555178912833959e-01,1.781589439125603747e-01,1.608530653754458584e-01,-2.742413066487472406e-01
-2.164280072052225989e+02,-1.181163728671699431e+01,1.627286647608756853e+00,4.504533882475229234e+00,4.501923935236377794e+00,1.866957499657645903e+00,1.526069043143988280e+00,-1.195513078168415344e+00,-3.311250988658501759e-01,1.169314769569865575e+00,1.129842547769872141e+00,1.369937102163063969e+00
-2.162200641322286572e+02,-9.435134222101060786e+00,2.303910941575709526e+00,1.478544516700986744e+00,1.113209414624645621e+00,1.061704358076468013e+00,2.067053173158294399e+00,-1.793204876772081513e-01,2.574852522170054669e-01,-1.029221863537408410e-01,-2.987676550862294889e-01,-1.560262308998687786e-01
-2.187809652672258665e+02,-9.877414856780225350e+00,2.097570150110901643e+00,-5.719681959887086276e-01,1.587565131356979187e+00,-4.947869572720358655e-01,-2.292509995321793601e-02,-1.168617550956331685e+00,-5.313349167003342810e-01,-8.305106837941487186e-01,-4.056869513850172027e-01,-2.387032265851445345e-01
-2.190441296491003129e+02,-1.079393336962235317e+01,2.610116301954688911e+00,8.482800256627172075e-01,1.441208578302263899e+00,-2.362967284507097310e-01,-4.822727133220350848e-01,-4.453543254627462811e-01,-2.021924409935469402e-01,-7.725848558132533128e-01,-3.813846138593142143e-01,-4.234733958157050893e-01
-2.181650857255531548e+02,-1.146133541913586562e+01,3.012230814639519583e+00,-1.029761167801579447e+00,2.412060117297031070e+00,1.007803812169152824e+00,1.256734962618647033e+00,-9.812083286394204795e-02,-2.211970012200712432e-01,-2.973206041712792569e-01,-8.759499190358139842e-01,5.802619000020996509e-01
-2.176135312764540970e+02,-1.048985081354197035e+01,1.569872239978874040e+00,-7.320508358927104720e-01,1.730226873547865418e+00,7.124037533686528034e-01,7.144710318001141758e-01,8.593106268756621757e-01,5.180580305895294835e-01,-6.506685830471035104e-01,-4.668879352227408575e-01,-3.810944181664410735e-02
-2.163015949663804918e+02,-8.766247392979558128e+00,1.876266992354505447e+00,-6.861355727077349531e-01,1.685924142105247769e+00,9.129295572510908174e-01,-1.523792805776585380e-01,6.278370736035379096e-01,-7.734528207233060115e-02,1.320011884550638115e-01,-1.025657219965241396e-01,-4.350085537874974762e-01
-2.221243998592959770e+02,-1.147283540582105488e+01,3.314427578178492428e+00,6.533569378759473967e-01,2.578318401281190386e+00,3.927709323728487134e-01,9.359112534392571847e-01,8.502959758872764562e-01,9.501346421138801013e-01,1.162239169585301823e+00,4.286061337953945838e-01,3.923433182156230714e-01
-2.132933927347711176e+02,-1.063893936727074951e+01,-2.021441276220157235e+00,-1.934749410038617334e+00,1.990251580407067733e+00,1.438560760852060305e+00,1.562240919365401659e+00,3.733997087654256641e-01,1.024965544643753557e+00,4.085178824272226450e-01,-2.735348827724042309e-01,8.728303925364571114e-01
-2.120842451826389379e+02,-1.166417498210333470e+01,-2.404711297503196565e+00,-2.553657431933881838e+00,1.182423276420384362e+00,6.984742546001466712e-01,6.582084234546231594e-01,-8.525668710529830940e-02,5.539916941860876243e-01,9.839738891043836588e-02,-7.422077269905527075e-01,2.736647454902936261e-01
-2.152192904928222674e+02,-1.076409434097031159e+01,-1.535470927505562244e+00,-1.931941184296172898e+00,2.093134762746284405e+00,1.677108148205703753e+00,1.208690758878765426e+00,5.587510688334481612e-01,2.184154818389894004e-02,-6.001160072030877757e-01,-4.873617574259547780e-02,6.406743649222903514e-01
-2.150124784718023250e+02,-1.083167589361031524e+01,-4.214631568522698157e-01,-3.686146762348359029e-01,3.217151418756810877e+00,1.349319447430129992e+00,-7.425380408685112732e-01,-4.321932177670668174e-01,-1.140948705598012758e-01,-1.739380354841632226e+00,-8.645781766626647880e-02,2.002460940233135034e-01
-2.145589693676302545e+02,-1.043619287077305025e+01,-4.856251832566237936e-01,-1.810934604862459052e+00,2.086743527469298864e-01,1.694178534498603783e+00,1.403881927449537992e+00,1.646074153382872107e-01,3.429194262219641409e-01,-1.118315299027813126e+00,3.363926156241259235e-02,6.485798922400505262e-01
-2.161226226632794578e+02,-1.148178380608048599e+01,-6.526925103834055886e-01,-2.009768414636833533e+00,1.123581509284628854e+00,9.731083240342887075e-01,6.693929601479571279e-01,-3.033122235229249730e-01,4.421243920616548806e-01,-3.671200272262922226e-01,4.132623767380128044e-01,6.720753494102069681e-01
-2.169494564770746194e+02,-1.271390930068663216e+01,-1.571441451816844914e+00,-1.052395299958320818e+00,8.181519801552872284e-01,9.160442043936477541e-01,1.179803137587508211e+00,3.791893409231655299e-01,1.043575203911909277e+00,4.052448218639597144e-01,2.623199746933382315e-01,1.114851820075202227e+00
-2.147210444415821939e+02,-1.021543289519496867e+01,6.485814814787969063e-01,-2.559843014426718355e+00,1.967585103388390655e-01,1.368865809650964271e+00,1.568526726163611329e+00,2.973105879498159632e-01,-1.263130538497946542e+00,-4.188157811631754157e-01,7.089041489633540749e-02,1.839512142845521225e+00
-2.151313955586219606e+02,-1.161326859335405537e+01,7.787154651430689967e-01,-1.665446229956043522e+00,7.177018585567774833e-01,1.648059298230902359e+00,1.255074125684946029e+00,8.544679344628561823e-01,-1.179635069669002334e+00,-6.193052050662259944e-01,-5.722407353641187910e-01,-2.904553249410923854e-01
-2.134002600527608990e+02,-1.210560073783821800e+01,-1.412957218624399047e+00,-2.485064220684415126e+00,1.536130391492599445e-01,1.397749085704194316e+00,2.210138868975955795e+00,1.663520861261288397e+00,3.261667923765418919e-01,-3.039796887972592287e-01,2.879863114739125152e-01,8.986541252448319028e-01
-2.161432352510496742e+02,-1.200629607837332991e+01,-1.766719813579726850e+00,-2.299563332839890784e+00,8.961602003385683579e-01,1.795397479812903985e+00,1.532277080422022486e+00,1.484198030956069392e+00,4.726966133166703443e-01,-6.978834717472679472e-01,-9.449614831904744605e-01,1.820036872800017136e-01
-2.189975645603460919e+02,-1.579281588924716218e+01,-1.595086128808782311e+00,-1.536300484610539030e+00,1.057698708550130817e+00,8.202394078244102937e-01,1.226212648943360017e+00,5.891866589279104449e-01,1.033526327771578046e+00,9.256902688419721414e-01,2.125763281893204848e-01,1.478822852786919384e+00
-2.174372550191184246e+02,-1.349374809535502528e+01,-1.022842504166857625e-01,-2.843374625230606689e+00,-6.977509840326183710e-01,6.547009374591877817e-01,1.771880961356261164e+00,1.380036821280557768e-01,-9.439332132342879156e-01,-4.856801304761404481e-01,7.527126648164434997e-01,5.848190075317347691e-01
-2.167262447247926502e+02,-1.358366219517949069e+01,6.050821881584619311e-01,-1.709919142984334561e+00,6.046543377330536595e-01,1.512289807721611368e+00,2.965234249945448486e+00,1.509561888258780682e+00,-4.266830864919040067e-01,-7.875711806650187441e-02,-9.818342135683657546e-01,-4.567636767726241942e-01
-2.166678485873792681e+02,-1.344561252954063413e+01,6.977670560474560357e-01,-7.506560943506469519e-01,9.110143052889234372e-02,1.389129141866234596e+00,1.242965136567901308e+00,2.901305399678627550e-01,-3.065290954902586407e-01,-2.385852982724294691e-01,1.312923252399071927e-01,-4.217362046029080602e-01
-2.185923040619321114e+02,-1.396433121781376840e+01,5.277547116369354363e-01,-2.335287173478319822e-01,-6.049299100049279065e-01,-1.500294824305981933e+00,1.411879174053226382e+00,7.030533641360794395e-01,7.912592428130236222e-01,5.267886919629738429e-01,6.193050662473496004e-01,-5.082970838284524007e-01
-2.173330378152650439e+02,-1.359527766037326302e+01,1.299948997672581985e+00,-1.044264177463823495e+00,-8.011525370972918392e-01,-8.463770624628598194e-01,3.820831791615773576e-01,9.275475025879678093e-01,4.201408801178874164e-01,-3.143130155375892798e-01,-4.414833330416358947e-01,-1.807102461315821529e-01
-2.163234680273914989e+02,-1.274654953616229491e+01,1.542449266069439440e-01,-1.456350315701374853e+00,1.032504276090294049e+00,5.823030969379603405e-01,-1.590111010419230919e-01,-2.756763026807887429e-01,2.136488469064832252e-01,-4.775224604417260821e-02,1.111832268590728923e+00,1.038743711415008875e+00
-2.166670313217066735e+02,-1.274179685555757580e+01,-1.178773917377660574e+00,-2.772674568942754547e+00,6.377851061094212959e-01,1.265769553034070238e+00,1.873111964559194487e+00,7.279478005289107267e-01,-2.658325837608073172e-01,4.470717161405062257e-01,-1.179047403537323291e-01,-1.071666432451081619e-01
-2.132257893490938727e+02,-1.198042996584953457e+01,-1.257044063683550039e+00,-2.892158617458272740e+00,4.980057958577292498e-01,1.342444939636564971e+00,2.082730234206865649e+00,6.999557387484763860e-01,-2.548690184365010047e-01,-6.390839848506679743e-01,3.258983268576356451e-01,2.261471812347124910e+00
-2.154729131301146481e+02,-1.299563972563714565e+01,5.316017650496684954e-01,-2.084113411304168828e+00,1.271791114573471049e+00,1.431285368777246214e+00,1.149728366196939300e+00,8.126100752749445544e-01,-2.884762369659421566e-01,5.358973463328808862e-02,-1.287319197657783576e-01,5.637819811193054420e-01
-2.158495870222335213e+02,-1.212504589565335422e+01,-7.346678529473769093e-01,-3.501163823379326523e+00,-9.800997019121033826e-01,-4.341842096480162394e-01,8.976772923454827691e-01,-1.835127727755139215e-01,-9.418644763580723556e-01,-8.744857515038617635e-02,1.036401345397600871e+00,1.252787279266613041e+00
-2.140472522022463977e+02,-1.141799852803489301e+01,-1.006025435235891052e-01,-2.547445991394679865e+00,-8.336653561918725419e-01,3.545019671058864952e-01,3.483846628508323606e-01,-6.236248180170894662e-01,-8.798102601120323385e-01,-2.007683143886964672e-01,-4.947045056326482282e-01,3.304688047715984567e-01
-2.183528687837950883e+02,-1.223494382346554943e+01,9.739456138304608546e-01,-1.850285516201818359e+00,-5.583815355804917502e-01,-1.673429547471831480e+00,3.624722018654104594e-01,1.353608156223714776e+00,4.494719043540360559e-01,3.510012648692502069e-01,3.835040960818076883e-01,4.005598452326495362e-01
-2.224072406070464183e+02,-1.212302981879085095e+01,1.335286407781730134e+00,-6.732735188944285465e-01,3.042578386400283108e-01,1.612183786928204743e+00,1.928874624621732536e+00,-1.766435473349565743e-01,7.819124198273863513e-02,3.378696128950942068e-01,-1.250651338432193782e-01,-7.004743152813261986e-01
-2.059813804234058807e+02,-9.986876416402534318e+00,-3.274262850733256958e+00,-3.241080084684390350e+00,-8.191542314380749479e-02,1.810293473037351886e+00,-5.521463465329191633e-01,2.055231503617471409e-02,-1.351477528609579259e+00,-9.926812120856354227e-02,1.298611229357395480e+00,5.876117099798108256e-01
-2.131102914301152964e+02,-8.537711122596054025e+00,-1.141350807177770932e+00,-3.414723308618208719e+00,-1.458328198906245210e-01,1.898785067315386377e-01,-1.007838536696501475e+00,-2.795721570036548975e-01,2.315768263215773892e-01,2.239701381286387516e-01,1.347342808185154617e-01,-5.330666981478913158e-01
-2.185032696805407966e+02,-1.001847188925563792e+01,1.394643104178966642e+00,-2.216264191985398035e+00,-5.772987190410745484e-01,6.730116673560587737e-02,3.091018776546763380e-01,7.553101125031442820e-01,-2.780475180948118741e-01,-8.213572431436233501e-01,-3.619000382854076214e-01,2.882787968317472860e-01
-2.184562357126927168e+02,-1.087885283466828845e+01,1.384548756716563966e+00,2.935189433950449178e-01,3.120252787449196985e-01,4.682280764772320802e-01,3.459161438185625048e-01,9.057514757065600053e-01,-3.347608823419827573e-01,-7.044726484799817001e-01,-2.533989782362171539e-01,4.373087013418341940e-02
-2.217663378839130814e+02,-1.120643894284401831e+01,8.094078457800928383e-01,3.253797740526297444e-01,8.054081051557243631e-01,-2.087017289017505106e-01,1.030915368868137033e-01,-1.280543401934701730e+00,2.488628330627438157e-01,4.263141681378499470e-01,1.772029163733431556e+00,-1.379144540345578207e-02
